MAG0001.0	/PATH/MAG0001.fasta
MAG0002.0	/PATH/MAG0002.fasta
MAG0003.0	/PATH/MAG0003.fasta
MAG0004.0	/PATH/MAG0004.fasta
MAG0005.0	/PATH/MAG0005.fasta
MAG0006.0	/PATH/MAG0006.fasta
MAG0007.0	/PATH/MAG0007.fasta
MAG0008.0	/PATH/MAG0008.fasta
MAG0009.0	/PATH/MAG0009.fasta
MAG0010.0	/PATH/MAG0010.fasta
MAG0011.0	/PATH/MAG0011.fasta
MAG0012.0	/PATH/MAG0012.fasta
MAG0013.0	/PATH/MAG0013.fasta
MAG0014.0	/PATH/MAG0014.fasta
MAG0015.0	/PATH/MAG0015.fasta
MAG0016.0	/PATH/MAG0016.fasta
MAG0017.0	/PATH/MAG0017.fasta
MAG0018.0	/PATH/MAG0018.fasta
MAG0019.0	/PATH/MAG0019.fasta
MAG0020.0	/PATH/MAG0020.fasta
MAG0021.0	/PATH/MAG0021.fasta
MAG0022.0	/PATH/MAG0022.fasta
MAG0023.0	/PATH/MAG0023.fasta
MAG0024.0	/PATH/MAG0024.fasta
MAG0025.0	/PATH/MAG0025.fasta
MAG0026.0	/PATH/MAG0026.fasta
MAG0027.0	/PATH/MAG0027.fasta
MAG0028.0	/PATH/MAG0028.fasta
MAG0029.0	/PATH/MAG0029.fasta
MAG0030.0	/PATH/MAG0030.fasta
MAG0031.0	/PATH/MAG0031.fasta
MAG0032.0	/PATH/MAG0032.fasta
MAG0033.0	/PATH/MAG0033.fasta
MAG0034.0	/PATH/MAG0034.fasta
MAG0035.0	/PATH/MAG0035.fasta
MAG0036.0	/PATH/MAG0036.fasta
MAG0037.0	/PATH/MAG0037.fasta
MAG0038.0	/PATH/MAG0038.fasta
MAG0039.0	/PATH/MAG0039.fasta
MAG0040.0	/PATH/MAG0040.fasta
MAG0041.0	/PATH/MAG0041.fasta
MAG0042.0	/PATH/MAG0042.fasta
MAG0043.0	/PATH/MAG0043.fasta
MAG0044.0	/PATH/MAG0044.fasta
MAG0045.0	/PATH/MAG0045.fasta
MAG0046.0	/PATH/MAG0046.fasta
MAG0047.0	/PATH/MAG0047.fasta
MAG0048.0	/PATH/MAG0048.fasta
MAG0049.0	/PATH/MAG0049.fasta
MAG0050.0	/PATH/MAG0050.fasta
MAG0051.0	/PATH/MAG0051.fasta
MAG0052.0	/PATH/MAG0052.fasta
MAG0053.0	/PATH/MAG0053.fasta
MAG0054.0	/PATH/MAG0054.fasta
MAG0055.0	/PATH/MAG0055.fasta
MAG0056.0	/PATH/MAG0056.fasta
MAG0057.0	/PATH/MAG0057.fasta
MAG0058.0	/PATH/MAG0058.fasta
MAG0059.0	/PATH/MAG0059.fasta
MAG0060.0	/PATH/MAG0060.fasta
MAG0061.0	/PATH/MAG0061.fasta
MAG0062.0	/PATH/MAG0062.fasta
MAG0063.0	/PATH/MAG0063.fasta
MAG0064.0	/PATH/MAG0064.fasta
MAG0065.0	/PATH/MAG0065.fasta
MAG0066.0	/PATH/MAG0066.fasta
MAG0067.0	/PATH/MAG0067.fasta
MAG0068.0	/PATH/MAG0068.fasta
MAG0069.0	/PATH/MAG0069.fasta
MAG0070.0	/PATH/MAG0070.fasta
MAG0071.0	/PATH/MAG0071.fasta
MAG0072.0	/PATH/MAG0072.fasta
MAG0073.0	/PATH/MAG0073.fasta
MAG0074.0	/PATH/MAG0074.fasta
MAG0075.0	/PATH/MAG0075.fasta
MAG0076.0	/PATH/MAG0076.fasta
MAG0077.0	/PATH/MAG0077.fasta
MAG0078.0	/PATH/MAG0078.fasta
MAG0079.0	/PATH/MAG0079.fasta
MAG0080.0	/PATH/MAG0080.fasta
MAG0081.0	/PATH/MAG0081.fasta
MAG0082.0	/PATH/MAG0082.fasta
MAG0083.0	/PATH/MAG0083.fasta
MAG0084.0	/PATH/MAG0084.fasta
MAG0085.0	/PATH/MAG0085.fasta
MAG0086.0	/PATH/MAG0086.fasta
MAG0087.0	/PATH/MAG0087.fasta
MAG0088.0	/PATH/MAG0088.fasta
MAG0089.0	/PATH/MAG0089.fasta
MAG0090.0	/PATH/MAG0090.fasta
MAG0091.0	/PATH/MAG0091.fasta
MAG0092.0	/PATH/MAG0092.fasta
MAG0093.0	/PATH/MAG0093.fasta
MAG0094.0	/PATH/MAG0094.fasta
MAG0095.0	/PATH/MAG0095.fasta
MAG0096.0	/PATH/MAG0096.fasta
MAG0097.0	/PATH/MAG0097.fasta
MAG0098.0	/PATH/MAG0098.fasta
MAG0099.0	/PATH/MAG0099.fasta
MAG0100.0	/PATH/MAG0100.fasta
MAG0101.0	/PATH/MAG0101.fasta
MAG0102.0	/PATH/MAG0102.fasta
MAG0103.0	/PATH/MAG0103.fasta
MAG0104.0	/PATH/MAG0104.fasta
MAG0105.0	/PATH/MAG0105.fasta
MAG0106.0	/PATH/MAG0106.fasta
MAG0107.0	/PATH/MAG0107.fasta
MAG0108.0	/PATH/MAG0108.fasta
MAG0109.0	/PATH/MAG0109.fasta
MAG0110.0	/PATH/MAG0110.fasta
MAG0111.0	/PATH/MAG0111.fasta
MAG0112.0	/PATH/MAG0112.fasta
MAG0113.0	/PATH/MAG0113.fasta
MAG0114.0	/PATH/MAG0114.fasta
MAG0115.0	/PATH/MAG0115.fasta
MAG0116.0	/PATH/MAG0116.fasta
MAG0117.0	/PATH/MAG0117.fasta
MAG0118.0	/PATH/MAG0118.fasta
MAG0119.0	/PATH/MAG0119.fasta
MAG0120.0	/PATH/MAG0120.fasta
MAG0121.0	/PATH/MAG0121.fasta
MAG0122.0	/PATH/MAG0122.fasta
MAG0123.0	/PATH/MAG0123.fasta
MAG0124.0	/PATH/MAG0124.fasta
MAG0125.0	/PATH/MAG0125.fasta
MAG0126.0	/PATH/MAG0126.fasta
MAG0127.0	/PATH/MAG0127.fasta
MAG0128.0	/PATH/MAG0128.fasta
MAG0129.0	/PATH/MAG0129.fasta
MAG0130.0	/PATH/MAG0130.fasta
MAG0131.0	/PATH/MAG0131.fasta
MAG0132.0	/PATH/MAG0132.fasta
MAG0133.0	/PATH/MAG0133.fasta
MAG0134.0	/PATH/MAG0134.fasta
MAG0135.0	/PATH/MAG0135.fasta
MAG0136.0	/PATH/MAG0136.fasta
MAG0137.0	/PATH/MAG0137.fasta
MAG0138.0	/PATH/MAG0138.fasta
MAG0139.0	/PATH/MAG0139.fasta
MAG0140.0	/PATH/MAG0140.fasta
MAG0141.0	/PATH/MAG0141.fasta
MAG0142.0	/PATH/MAG0142.fasta
MAG0143.0	/PATH/MAG0143.fasta
MAG0144.0	/PATH/MAG0144.fasta
MAG0145.0	/PATH/MAG0145.fasta
MAG0146.0	/PATH/MAG0146.fasta
MAG0147.0	/PATH/MAG0147.fasta
MAG0148.0	/PATH/MAG0148.fasta
MAG0149.0	/PATH/MAG0149.fasta
MAG0150.0	/PATH/MAG0150.fasta
MAG0151.0	/PATH/MAG0151.fasta
MAG0152.0	/PATH/MAG0152.fasta
MAG0153.0	/PATH/MAG0153.fasta
MAG0154.0	/PATH/MAG0154.fasta
MAG0155.0	/PATH/MAG0155.fasta
MAG0156.0	/PATH/MAG0156.fasta
MAG0157.0	/PATH/MAG0157.fasta
MAG0158.0	/PATH/MAG0158.fasta
MAG0159.0	/PATH/MAG0159.fasta
MAG0160.0	/PATH/MAG0160.fasta
MAG0161.0	/PATH/MAG0161.fasta
MAG0162.0	/PATH/MAG0162.fasta
MAG0163.0	/PATH/MAG0163.fasta
MAG0164.0	/PATH/MAG0164.fasta
MAG0165.0	/PATH/MAG0165.fasta
MAG0166.0	/PATH/MAG0166.fasta
MAG0167.0	/PATH/MAG0167.fasta
MAG0168.0	/PATH/MAG0168.fasta
MAG0169.0	/PATH/MAG0169.fasta
MAG0170.0	/PATH/MAG0170.fasta
MAG0171.0	/PATH/MAG0171.fasta
MAG0172.0	/PATH/MAG0172.fasta
MAG0173.0	/PATH/MAG0173.fasta
MAG0174.0	/PATH/MAG0174.fasta
MAG0175.0	/PATH/MAG0175.fasta
MAG0176.0	/PATH/MAG0176.fasta
MAG0177.0	/PATH/MAG0177.fasta
MAG0178.0	/PATH/MAG0178.fasta
MAG0179.0	/PATH/MAG0179.fasta
MAG0180.0	/PATH/MAG0180.fasta
MAG0181.0	/PATH/MAG0181.fasta
MAG0182.0	/PATH/MAG0182.fasta
MAG0183.0	/PATH/MAG0183.fasta
MAG0184.0	/PATH/MAG0184.fasta
MAG0185.0	/PATH/MAG0185.fasta
MAG0186.0	/PATH/MAG0186.fasta
MAG0187.0	/PATH/MAG0187.fasta
MAG0188.0	/PATH/MAG0188.fasta
MAG0189.0	/PATH/MAG0189.fasta
MAG0190.0	/PATH/MAG0190.fasta
MAG0191.0	/PATH/MAG0191.fasta
MAG0192.0	/PATH/MAG0192.fasta
MAG0193.0	/PATH/MAG0193.fasta
MAG0194.0	/PATH/MAG0194.fasta
MAG0195.0	/PATH/MAG0195.fasta
MAG0196.0	/PATH/MAG0196.fasta
MAG0197.0	/PATH/MAG0197.fasta
MAG0198.0	/PATH/MAG0198.fasta
MAG0199.0	/PATH/MAG0199.fasta
MAG0200.0	/PATH/MAG0200.fasta
MAG0201.0	/PATH/MAG0201.fasta
MAG0202.0	/PATH/MAG0202.fasta
MAG0203.0	/PATH/MAG0203.fasta
MAG0204.0	/PATH/MAG0204.fasta
MAG0205.0	/PATH/MAG0205.fasta
MAG0206.0	/PATH/MAG0206.fasta
MAG0207.0	/PATH/MAG0207.fasta
MAG0208.0	/PATH/MAG0208.fasta
MAG0209.0	/PATH/MAG0209.fasta
MAG0210.0	/PATH/MAG0210.fasta
MAG0211.0	/PATH/MAG0211.fasta
MAG0212.0	/PATH/MAG0212.fasta
MAG0213.0	/PATH/MAG0213.fasta
MAG0214.0	/PATH/MAG0214.fasta
MAG0215.0	/PATH/MAG0215.fasta
MAG0216.0	/PATH/MAG0216.fasta
MAG0217.0	/PATH/MAG0217.fasta
MAG0218.0	/PATH/MAG0218.fasta
MAG0219.0	/PATH/MAG0219.fasta
MAG0220.0	/PATH/MAG0220.fasta
MAG0221.0	/PATH/MAG0221.fasta
MAG0222.0	/PATH/MAG0222.fasta
MAG0223.0	/PATH/MAG0223.fasta
MAG0224.0	/PATH/MAG0224.fasta
MAG0225.0	/PATH/MAG0225.fasta
MAG0226.0	/PATH/MAG0226.fasta
MAG0227.0	/PATH/MAG0227.fasta
MAG0228.0	/PATH/MAG0228.fasta
MAG0229.0	/PATH/MAG0229.fasta
MAG0230.0	/PATH/MAG0230.fasta
MAG0231.0	/PATH/MAG0231.fasta
MAG0232.0	/PATH/MAG0232.fasta
MAG0233.0	/PATH/MAG0233.fasta
MAG0234.0	/PATH/MAG0234.fasta
MAG0235.0	/PATH/MAG0235.fasta
MAG0236.0	/PATH/MAG0236.fasta
MAG0237.0	/PATH/MAG0237.fasta
MAG0238.0	/PATH/MAG0238.fasta
MAG0239.0	/PATH/MAG0239.fasta
MAG0240.0	/PATH/MAG0240.fasta
MAG0241.0	/PATH/MAG0241.fasta
MAG0242.0	/PATH/MAG0242.fasta
MAG0243.0	/PATH/MAG0243.fasta
MAG0244.0	/PATH/MAG0244.fasta
MAG0245.0	/PATH/MAG0245.fasta
MAG0246.0	/PATH/MAG0246.fasta
MAG0247.0	/PATH/MAG0247.fasta
MAG0248.0	/PATH/MAG0248.fasta
MAG0249.0	/PATH/MAG0249.fasta
MAG0250.0	/PATH/MAG0250.fasta
MAG0251.0	/PATH/MAG0251.fasta
MAG0252.0	/PATH/MAG0252.fasta
MAG0253.0	/PATH/MAG0253.fasta
MAG0254.0	/PATH/MAG0254.fasta
MAG0255.0	/PATH/MAG0255.fasta
MAG0256.0	/PATH/MAG0256.fasta
MAG0257.0	/PATH/MAG0257.fasta
MAG0258.0	/PATH/MAG0258.fasta
MAG0259.0	/PATH/MAG0259.fasta
MAG0260.0	/PATH/MAG0260.fasta
MAG0261.0	/PATH/MAG0261.fasta
MAG0262.0	/PATH/MAG0262.fasta
MAG0263.0	/PATH/MAG0263.fasta
MAG0264.0	/PATH/MAG0264.fasta
MAG0265.0	/PATH/MAG0265.fasta
MAG0266.0	/PATH/MAG0266.fasta
MAG0267.0	/PATH/MAG0267.fasta
MAG0268.0	/PATH/MAG0268.fasta
MAG0269.0	/PATH/MAG0269.fasta
MAG0270.0	/PATH/MAG0270.fasta
MAG0271.0	/PATH/MAG0271.fasta
MAG0272.0	/PATH/MAG0272.fasta
MAG0273.0	/PATH/MAG0273.fasta
MAG0274.0	/PATH/MAG0274.fasta
MAG0275.0	/PATH/MAG0275.fasta
MAG0276.0	/PATH/MAG0276.fasta
MAG0277.0	/PATH/MAG0277.fasta
MAG0278.0	/PATH/MAG0278.fasta
MAG0279.0	/PATH/MAG0279.fasta
MAG0280.0	/PATH/MAG0280.fasta
MAG0281.0	/PATH/MAG0281.fasta
MAG0282.0	/PATH/MAG0282.fasta
MAG0283.0	/PATH/MAG0283.fasta
MAG0284.0	/PATH/MAG0284.fasta
MAG0285.0	/PATH/MAG0285.fasta
MAG0286.0	/PATH/MAG0286.fasta
MAG0287.0	/PATH/MAG0287.fasta
MAG0288.0	/PATH/MAG0288.fasta
MAG0289.0	/PATH/MAG0289.fasta
MAG0290.0	/PATH/MAG0290.fasta
MAG0291.0	/PATH/MAG0291.fasta
MAG0292.0	/PATH/MAG0292.fasta
MAG0293.0	/PATH/MAG0293.fasta
MAG0294.0	/PATH/MAG0294.fasta
MAG0295.0	/PATH/MAG0295.fasta
MAG0296.0	/PATH/MAG0296.fasta
MAG0297.0	/PATH/MAG0297.fasta
MAG0298.0	/PATH/MAG0298.fasta
MAG0299.0	/PATH/MAG0299.fasta
MAG0300.0	/PATH/MAG0300.fasta
MAG0301.0	/PATH/MAG0301.fasta
MAG0302.0	/PATH/MAG0302.fasta
MAG0303.0	/PATH/MAG0303.fasta
MAG0304.0	/PATH/MAG0304.fasta
MAG0305.0	/PATH/MAG0305.fasta
MAG0306.0	/PATH/MAG0306.fasta
MAG0307.0	/PATH/MAG0307.fasta
MAG0308.0	/PATH/MAG0308.fasta
MAG0309.0	/PATH/MAG0309.fasta
MAG0310.0	/PATH/MAG0310.fasta
MAG0311.0	/PATH/MAG0311.fasta
MAG0312.0	/PATH/MAG0312.fasta
MAG0313.0	/PATH/MAG0313.fasta
MAG0314.0	/PATH/MAG0314.fasta
MAG0315.0	/PATH/MAG0315.fasta
MAG0316.0	/PATH/MAG0316.fasta
MAG0317.0	/PATH/MAG0317.fasta
MAG0318.0	/PATH/MAG0318.fasta
MAG0319.0	/PATH/MAG0319.fasta
MAG0320.0	/PATH/MAG0320.fasta
MAG0321.0	/PATH/MAG0321.fasta
MAG0322.0	/PATH/MAG0322.fasta
MAG0323.0	/PATH/MAG0323.fasta
MAG0324.0	/PATH/MAG0324.fasta
MAG0325.0	/PATH/MAG0325.fasta
MAG0326.0	/PATH/MAG0326.fasta
MAG0327.0	/PATH/MAG0327.fasta
MAG0328.0	/PATH/MAG0328.fasta
MAG0329.0	/PATH/MAG0329.fasta
MAG0330.0	/PATH/MAG0330.fasta
MAG0331.0	/PATH/MAG0331.fasta
MAG0332.0	/PATH/MAG0332.fasta
MAG0333.0	/PATH/MAG0333.fasta
MAG0334.0	/PATH/MAG0334.fasta
MAG0335.0	/PATH/MAG0335.fasta
MAG0336.0	/PATH/MAG0336.fasta
MAG0337.0	/PATH/MAG0337.fasta
MAG0338.0	/PATH/MAG0338.fasta
MAG0339.0	/PATH/MAG0339.fasta
MAG0340.0	/PATH/MAG0340.fasta
MAG0341.0	/PATH/MAG0341.fasta
MAG0342.0	/PATH/MAG0342.fasta
MAG0343.0	/PATH/MAG0343.fasta
MAG0344.0	/PATH/MAG0344.fasta
MAG0345.0	/PATH/MAG0345.fasta
MAG0346.0	/PATH/MAG0346.fasta
MAG0347.0	/PATH/MAG0347.fasta
MAG0348.0	/PATH/MAG0348.fasta
MAG0349.0	/PATH/MAG0349.fasta
MAG0350.0	/PATH/MAG0350.fasta
MAG0351.0	/PATH/MAG0351.fasta
MAG0352.0	/PATH/MAG0352.fasta
MAG0353.0	/PATH/MAG0353.fasta
MAG0354.0	/PATH/MAG0354.fasta
MAG0355.0	/PATH/MAG0355.fasta
MAG0356.0	/PATH/MAG0356.fasta
MAG0357.0	/PATH/MAG0357.fasta
MAG0358.0	/PATH/MAG0358.fasta
MAG0359.0	/PATH/MAG0359.fasta
MAG0360.0	/PATH/MAG0360.fasta
MAG0361.0	/PATH/MAG0361.fasta
MAG0362.0	/PATH/MAG0362.fasta
MAG0363.0	/PATH/MAG0363.fasta
MAG0364.0	/PATH/MAG0364.fasta
MAG0365.0	/PATH/MAG0365.fasta
MAG0366.0	/PATH/MAG0366.fasta
MAG0367.0	/PATH/MAG0367.fasta
MAG0368.0	/PATH/MAG0368.fasta
MAG0369.0	/PATH/MAG0369.fasta
MAG0370.0	/PATH/MAG0370.fasta
MAG0371.0	/PATH/MAG0371.fasta
MAG0372.0	/PATH/MAG0372.fasta
MAG0373.0	/PATH/MAG0373.fasta
MAG0374.0	/PATH/MAG0374.fasta
MAG0375.0	/PATH/MAG0375.fasta
MAG0376.0	/PATH/MAG0376.fasta
MAG0377.0	/PATH/MAG0377.fasta
MAG0378.0	/PATH/MAG0378.fasta
MAG0379.0	/PATH/MAG0379.fasta
MAG0380.0	/PATH/MAG0380.fasta
MAG0381.0	/PATH/MAG0381.fasta
MAG0382.0	/PATH/MAG0382.fasta
MAG0383.0	/PATH/MAG0383.fasta
MAG0384.0	/PATH/MAG0384.fasta
MAG0385.0	/PATH/MAG0385.fasta
MAG0386.0	/PATH/MAG0386.fasta
MAG0387.0	/PATH/MAG0387.fasta
MAG0388.0	/PATH/MAG0388.fasta
MAG0389.0	/PATH/MAG0389.fasta
MAG0390.0	/PATH/MAG0390.fasta
MAG0391.0	/PATH/MAG0391.fasta
MAG0392.0	/PATH/MAG0392.fasta
MAG0393.0	/PATH/MAG0393.fasta
MAG0394.0	/PATH/MAG0394.fasta
MAG0395.0	/PATH/MAG0395.fasta
MAG0396.0	/PATH/MAG0396.fasta
MAG0397.0	/PATH/MAG0397.fasta
MAG0398.0	/PATH/MAG0398.fasta
MAG0399.0	/PATH/MAG0399.fasta
MAG0400.0	/PATH/MAG0400.fasta
MAG0401.0	/PATH/MAG0401.fasta
MAG0402.0	/PATH/MAG0402.fasta
MAG0403.0	/PATH/MAG0403.fasta
MAG0404.0	/PATH/MAG0404.fasta
MAG0405.0	/PATH/MAG0405.fasta
MAG0406.0	/PATH/MAG0406.fasta
MAG0407.0	/PATH/MAG0407.fasta
MAG0408.0	/PATH/MAG0408.fasta
MAG0409.0	/PATH/MAG0409.fasta
MAG0410.0	/PATH/MAG0410.fasta
MAG0411.0	/PATH/MAG0411.fasta
MAG0412.0	/PATH/MAG0412.fasta
MAG0413.0	/PATH/MAG0413.fasta
MAG0414.0	/PATH/MAG0414.fasta
MAG0415.0	/PATH/MAG0415.fasta
MAG0416.0	/PATH/MAG0416.fasta
MAG0417.0	/PATH/MAG0417.fasta
MAG0418.0	/PATH/MAG0418.fasta
MAG0419.0	/PATH/MAG0419.fasta
MAG0420.0	/PATH/MAG0420.fasta
MAG0421.0	/PATH/MAG0421.fasta
MAG0422.0	/PATH/MAG0422.fasta
MAG0423.0	/PATH/MAG0423.fasta
MAG0424.0	/PATH/MAG0424.fasta
MAG0425.0	/PATH/MAG0425.fasta
MAG0426.0	/PATH/MAG0426.fasta
MAG0427.0	/PATH/MAG0427.fasta
MAG0428.0	/PATH/MAG0428.fasta
MAG0429.0	/PATH/MAG0429.fasta
MAG0430.0	/PATH/MAG0430.fasta
MAG0431.0	/PATH/MAG0431.fasta
MAG0432.0	/PATH/MAG0432.fasta
MAG0433.0	/PATH/MAG0433.fasta
MAG0434.0	/PATH/MAG0434.fasta
MAG0435.0	/PATH/MAG0435.fasta
MAG0436.0	/PATH/MAG0436.fasta
MAG0437.0	/PATH/MAG0437.fasta
MAG0438.0	/PATH/MAG0438.fasta
MAG0439.0	/PATH/MAG0439.fasta
MAG0440.0	/PATH/MAG0440.fasta
MAG0441.0	/PATH/MAG0441.fasta
MAG0442.0	/PATH/MAG0442.fasta
MAG0443.0	/PATH/MAG0443.fasta
MAG0444.0	/PATH/MAG0444.fasta
MAG0445.0	/PATH/MAG0445.fasta
MAG0446.0	/PATH/MAG0446.fasta
MAG0447.0	/PATH/MAG0447.fasta
MAG0448.0	/PATH/MAG0448.fasta
MAG0449.0	/PATH/MAG0449.fasta
MAG0450.0	/PATH/MAG0450.fasta
MAG0451.0	/PATH/MAG0451.fasta
MAG0452.0	/PATH/MAG0452.fasta
MAG0453.0	/PATH/MAG0453.fasta
MAG0454.0	/PATH/MAG0454.fasta
MAG0455.0	/PATH/MAG0455.fasta
MAG0456.0	/PATH/MAG0456.fasta
MAG0457.0	/PATH/MAG0457.fasta
MAG0458.0	/PATH/MAG0458.fasta
MAG0459.0	/PATH/MAG0459.fasta
MAG0460.0	/PATH/MAG0460.fasta
MAG0461.0	/PATH/MAG0461.fasta
MAG0462.0	/PATH/MAG0462.fasta
MAG0463.0	/PATH/MAG0463.fasta
MAG0464.0	/PATH/MAG0464.fasta
MAG0465.0	/PATH/MAG0465.fasta
MAG0466.0	/PATH/MAG0466.fasta
MAG0467.0	/PATH/MAG0467.fasta
MAG0468.0	/PATH/MAG0468.fasta
MAG0469.0	/PATH/MAG0469.fasta
MAG0470.0	/PATH/MAG0470.fasta
MAG0471.0	/PATH/MAG0471.fasta
MAG0472.0	/PATH/MAG0472.fasta
MAG0473.0	/PATH/MAG0473.fasta
MAG0474.0	/PATH/MAG0474.fasta
MAG0475.0	/PATH/MAG0475.fasta
MAG0476.0	/PATH/MAG0476.fasta
MAG0477.0	/PATH/MAG0477.fasta
MAG0478.0	/PATH/MAG0478.fasta
MAG0479.0	/PATH/MAG0479.fasta
MAG0480.0	/PATH/MAG0480.fasta
MAG0481.0	/PATH/MAG0481.fasta
MAG0482.0	/PATH/MAG0482.fasta
MAG0483.0	/PATH/MAG0483.fasta
MAG0484.0	/PATH/MAG0484.fasta
MAG0485.0	/PATH/MAG0485.fasta
MAG0486.0	/PATH/MAG0486.fasta
MAG0487.0	/PATH/MAG0487.fasta
MAG0488.0	/PATH/MAG0488.fasta
MAG0489.0	/PATH/MAG0489.fasta
MAG0490.0	/PATH/MAG0490.fasta
MAG0491.0	/PATH/MAG0491.fasta
MAG0492.0	/PATH/MAG0492.fasta
MAG0493.0	/PATH/MAG0493.fasta
MAG0494.0	/PATH/MAG0494.fasta
MAG0495.0	/PATH/MAG0495.fasta
MAG0496.0	/PATH/MAG0496.fasta
MAG0497.0	/PATH/MAG0497.fasta
MAG0498.0	/PATH/MAG0498.fasta
MAG0499.0	/PATH/MAG0499.fasta
MAG0500.0	/PATH/MAG0500.fasta
MAG0501.0	/PATH/MAG0501.fasta
MAG0502.0	/PATH/MAG0502.fasta
MAG0503.0	/PATH/MAG0503.fasta
MAG0504.0	/PATH/MAG0504.fasta
MAG0505.0	/PATH/MAG0505.fasta
MAG0506.0	/PATH/MAG0506.fasta
MAG0507.0	/PATH/MAG0507.fasta
MAG0508.0	/PATH/MAG0508.fasta
MAG0509.0	/PATH/MAG0509.fasta
MAG0510.0	/PATH/MAG0510.fasta
MAG0511.0	/PATH/MAG0511.fasta
MAG0512.0	/PATH/MAG0512.fasta
MAG0513.0	/PATH/MAG0513.fasta
MAG0514.0	/PATH/MAG0514.fasta
MAG0515.0	/PATH/MAG0515.fasta
MAG0516.0	/PATH/MAG0516.fasta
MAG0517.0	/PATH/MAG0517.fasta
MAG0518.0	/PATH/MAG0518.fasta
MAG0519.0	/PATH/MAG0519.fasta
MAG0520.0	/PATH/MAG0520.fasta
MAG0521.0	/PATH/MAG0521.fasta
MAG0522.0	/PATH/MAG0522.fasta
MAG0523.0	/PATH/MAG0523.fasta
MAG0524.0	/PATH/MAG0524.fasta
MAG0525.0	/PATH/MAG0525.fasta
MAG0526.0	/PATH/MAG0526.fasta
MAG0527.0	/PATH/MAG0527.fasta
MAG0528.0	/PATH/MAG0528.fasta
MAG0529.0	/PATH/MAG0529.fasta
MAG0530.0	/PATH/MAG0530.fasta
MAG0531.0	/PATH/MAG0531.fasta
MAG0532.0	/PATH/MAG0532.fasta
MAG0533.0	/PATH/MAG0533.fasta
MAG0534.0	/PATH/MAG0534.fasta
MAG0535.0	/PATH/MAG0535.fasta
MAG0536.0	/PATH/MAG0536.fasta
MAG0537.0	/PATH/MAG0537.fasta
MAG0538.0	/PATH/MAG0538.fasta
MAG0539.0	/PATH/MAG0539.fasta
MAG0540.0	/PATH/MAG0540.fasta
MAG0541.0	/PATH/MAG0541.fasta
MAG0542.0	/PATH/MAG0542.fasta
MAG0543.0	/PATH/MAG0543.fasta
MAG0544.0	/PATH/MAG0544.fasta
MAG0545.0	/PATH/MAG0545.fasta
MAG0546.0	/PATH/MAG0546.fasta
MAG0547.0	/PATH/MAG0547.fasta
MAG0548.0	/PATH/MAG0548.fasta
MAG0549.0	/PATH/MAG0549.fasta
MAG0550.0	/PATH/MAG0550.fasta
MAG0551.0	/PATH/MAG0551.fasta
MAG0552.0	/PATH/MAG0552.fasta
MAG0553.0	/PATH/MAG0553.fasta
MAG0554.0	/PATH/MAG0554.fasta
MAG0555.0	/PATH/MAG0555.fasta
MAG0556.0	/PATH/MAG0556.fasta
MAG0557.0	/PATH/MAG0557.fasta
MAG0558.0	/PATH/MAG0558.fasta
MAG0559.0	/PATH/MAG0559.fasta
MAG0560.0	/PATH/MAG0560.fasta
MAG0561.0	/PATH/MAG0561.fasta
MAG0562.0	/PATH/MAG0562.fasta
MAG0563.0	/PATH/MAG0563.fasta
MAG0564.0	/PATH/MAG0564.fasta
MAG0565.0	/PATH/MAG0565.fasta
MAG0566.0	/PATH/MAG0566.fasta
MAG0567.0	/PATH/MAG0567.fasta
MAG0568.0	/PATH/MAG0568.fasta
MAG0569.0	/PATH/MAG0569.fasta
MAG0570.0	/PATH/MAG0570.fasta
MAG0571.0	/PATH/MAG0571.fasta
MAG0572.0	/PATH/MAG0572.fasta
MAG0573.0	/PATH/MAG0573.fasta
MAG0574.0	/PATH/MAG0574.fasta
MAG0575.0	/PATH/MAG0575.fasta
MAG0576.0	/PATH/MAG0576.fasta
MAG0577.0	/PATH/MAG0577.fasta
MAG0578.0	/PATH/MAG0578.fasta
MAG0579.0	/PATH/MAG0579.fasta
MAG0580.0	/PATH/MAG0580.fasta
MAG0581.0	/PATH/MAG0581.fasta
MAG0582.0	/PATH/MAG0582.fasta
MAG0583.0	/PATH/MAG0583.fasta
MAG0584.0	/PATH/MAG0584.fasta
MAG0585.0	/PATH/MAG0585.fasta
MAG0586.0	/PATH/MAG0586.fasta
MAG0587.0	/PATH/MAG0587.fasta
MAG0588.0	/PATH/MAG0588.fasta
MAG0589.0	/PATH/MAG0589.fasta
MAG0590.0	/PATH/MAG0590.fasta
MAG0591.0	/PATH/MAG0591.fasta
MAG0592.0	/PATH/MAG0592.fasta
MAG0593.0	/PATH/MAG0593.fasta
MAG0594.0	/PATH/MAG0594.fasta
MAG0595.0	/PATH/MAG0595.fasta
MAG0596.0	/PATH/MAG0596.fasta
MAG0597.0	/PATH/MAG0597.fasta
MAG0598.0	/PATH/MAG0598.fasta
MAG0599.0	/PATH/MAG0599.fasta
MAG0600.0	/PATH/MAG0600.fasta
MAG0601.0	/PATH/MAG0601.fasta
MAG0602.0	/PATH/MAG0602.fasta
MAG0603.0	/PATH/MAG0603.fasta
MAG0604.0	/PATH/MAG0604.fasta
MAG0605.0	/PATH/MAG0605.fasta
MAG0606.0	/PATH/MAG0606.fasta
MAG0607.0	/PATH/MAG0607.fasta
MAG0608.0	/PATH/MAG0608.fasta
MAG0609.0	/PATH/MAG0609.fasta
MAG0610.0	/PATH/MAG0610.fasta
MAG0611.0	/PATH/MAG0611.fasta
MAG0612.0	/PATH/MAG0612.fasta
MAG0613.0	/PATH/MAG0613.fasta
MAG0614.0	/PATH/MAG0614.fasta
MAG0615.0	/PATH/MAG0615.fasta
MAG0616.0	/PATH/MAG0616.fasta
MAG0617.0	/PATH/MAG0617.fasta
MAG0618.0	/PATH/MAG0618.fasta
MAG0619.0	/PATH/MAG0619.fasta
MAG0620.0	/PATH/MAG0620.fasta
MAG0621.0	/PATH/MAG0621.fasta
MAG0622.0	/PATH/MAG0622.fasta
MAG0623.0	/PATH/MAG0623.fasta
MAG0624.0	/PATH/MAG0624.fasta
MAG0625.0	/PATH/MAG0625.fasta
MAG0626.0	/PATH/MAG0626.fasta
MAG0627.0	/PATH/MAG0627.fasta
MAG0628.0	/PATH/MAG0628.fasta
MAG0629.0	/PATH/MAG0629.fasta
MAG0630.0	/PATH/MAG0630.fasta
MAG0631.0	/PATH/MAG0631.fasta
MAG0632.0	/PATH/MAG0632.fasta
MAG0633.0	/PATH/MAG0633.fasta
MAG0634.0	/PATH/MAG0634.fasta
MAG0635.0	/PATH/MAG0635.fasta
MAG0636.0	/PATH/MAG0636.fasta
MAG0637.0	/PATH/MAG0637.fasta
MAG0638.0	/PATH/MAG0638.fasta
MAG0639.0	/PATH/MAG0639.fasta
MAG0640.0	/PATH/MAG0640.fasta
MAG0641.0	/PATH/MAG0641.fasta
MAG0642.0	/PATH/MAG0642.fasta
MAG0643.0	/PATH/MAG0643.fasta
MAG0644.0	/PATH/MAG0644.fasta
MAG0645.0	/PATH/MAG0645.fasta
MAG0646.0	/PATH/MAG0646.fasta
MAG0647.0	/PATH/MAG0647.fasta
MAG0648.0	/PATH/MAG0648.fasta
MAG0649.0	/PATH/MAG0649.fasta
MAG0650.0	/PATH/MAG0650.fasta
MAG0651.0	/PATH/MAG0651.fasta
MAG0652.0	/PATH/MAG0652.fasta
MAG0653.0	/PATH/MAG0653.fasta
MAG0654.0	/PATH/MAG0654.fasta
MAG0655.0	/PATH/MAG0655.fasta
MAG0656.0	/PATH/MAG0656.fasta
MAG0657.0	/PATH/MAG0657.fasta
MAG0658.0	/PATH/MAG0658.fasta
MAG0659.0	/PATH/MAG0659.fasta
MAG0660.0	/PATH/MAG0660.fasta
MAG0661.0	/PATH/MAG0661.fasta
MAG0662.0	/PATH/MAG0662.fasta
MAG0663.0	/PATH/MAG0663.fasta
MAG0664.0	/PATH/MAG0664.fasta
MAG0665.0	/PATH/MAG0665.fasta
MAG0666.0	/PATH/MAG0666.fasta
MAG0667.0	/PATH/MAG0667.fasta
MAG0668.0	/PATH/MAG0668.fasta
MAG0669.0	/PATH/MAG0669.fasta
MAG0670.0	/PATH/MAG0670.fasta
MAG0671.0	/PATH/MAG0671.fasta
MAG0672.0	/PATH/MAG0672.fasta
MAG0673.0	/PATH/MAG0673.fasta
MAG0674.0	/PATH/MAG0674.fasta
MAG0675.0	/PATH/MAG0675.fasta
MAG0676.0	/PATH/MAG0676.fasta
MAG0677.0	/PATH/MAG0677.fasta
MAG0678.0	/PATH/MAG0678.fasta
MAG0679.0	/PATH/MAG0679.fasta
MAG0680.0	/PATH/MAG0680.fasta
MAG0681.0	/PATH/MAG0681.fasta
MAG0682.0	/PATH/MAG0682.fasta
MAG0683.0	/PATH/MAG0683.fasta
MAG0684.0	/PATH/MAG0684.fasta
MAG0685.0	/PATH/MAG0685.fasta
MAG0686.0	/PATH/MAG0686.fasta
MAG0687.0	/PATH/MAG0687.fasta
MAG0688.0	/PATH/MAG0688.fasta
MAG0689.0	/PATH/MAG0689.fasta
MAG0690.0	/PATH/MAG0690.fasta
MAG0691.0	/PATH/MAG0691.fasta
MAG0692.0	/PATH/MAG0692.fasta
MAG0693.0	/PATH/MAG0693.fasta
MAG0694.0	/PATH/MAG0694.fasta
MAG0695.0	/PATH/MAG0695.fasta
MAG0696.0	/PATH/MAG0696.fasta
MAG0697.0	/PATH/MAG0697.fasta
MAG0698.0	/PATH/MAG0698.fasta
MAG0699.0	/PATH/MAG0699.fasta
MAG0700.0	/PATH/MAG0700.fasta
MAG0701.0	/PATH/MAG0701.fasta
MAG0702.0	/PATH/MAG0702.fasta
MAG0703.0	/PATH/MAG0703.fasta
MAG0704.0	/PATH/MAG0704.fasta
MAG0705.0	/PATH/MAG0705.fasta
MAG0706.0	/PATH/MAG0706.fasta
MAG0707.0	/PATH/MAG0707.fasta
MAG0708.0	/PATH/MAG0708.fasta
MAG0709.0	/PATH/MAG0709.fasta
MAG0710.0	/PATH/MAG0710.fasta
MAG0711.0	/PATH/MAG0711.fasta
MAG0712.0	/PATH/MAG0712.fasta
MAG0713.0	/PATH/MAG0713.fasta
MAG0714.0	/PATH/MAG0714.fasta
MAG0715.0	/PATH/MAG0715.fasta
MAG0716.0	/PATH/MAG0716.fasta
MAG0717.0	/PATH/MAG0717.fasta
MAG0718.0	/PATH/MAG0718.fasta
MAG0719.0	/PATH/MAG0719.fasta
MAG0720.0	/PATH/MAG0720.fasta
MAG0721.0	/PATH/MAG0721.fasta
MAG0722.0	/PATH/MAG0722.fasta
MAG0723.0	/PATH/MAG0723.fasta
MAG0724.0	/PATH/MAG0724.fasta
MAG0725.0	/PATH/MAG0725.fasta
MAG0726.0	/PATH/MAG0726.fasta
MAG0727.0	/PATH/MAG0727.fasta
MAG0728.0	/PATH/MAG0728.fasta
MAG0729.0	/PATH/MAG0729.fasta
MAG0730.0	/PATH/MAG0730.fasta
MAG0731.0	/PATH/MAG0731.fasta
MAG0732.0	/PATH/MAG0732.fasta
MAG0733.0	/PATH/MAG0733.fasta
MAG0734.0	/PATH/MAG0734.fasta
MAG0735.0	/PATH/MAG0735.fasta
MAG0736.0	/PATH/MAG0736.fasta
MAG0737.0	/PATH/MAG0737.fasta
MAG0738.0	/PATH/MAG0738.fasta
MAG0739.0	/PATH/MAG0739.fasta
MAG0740.0	/PATH/MAG0740.fasta
MAG0741.0	/PATH/MAG0741.fasta
MAG0742.0	/PATH/MAG0742.fasta
MAG0743.0	/PATH/MAG0743.fasta
MAG0744.0	/PATH/MAG0744.fasta
MAG0745.0	/PATH/MAG0745.fasta
MAG0746.0	/PATH/MAG0746.fasta
MAG0747.0	/PATH/MAG0747.fasta
MAG0748.0	/PATH/MAG0748.fasta
MAG0749.0	/PATH/MAG0749.fasta
MAG0750.0	/PATH/MAG0750.fasta
MAG0751.0	/PATH/MAG0751.fasta
MAG0752.0	/PATH/MAG0752.fasta
MAG0753.0	/PATH/MAG0753.fasta
MAG0754.0	/PATH/MAG0754.fasta
MAG0755.0	/PATH/MAG0755.fasta
MAG0756.0	/PATH/MAG0756.fasta
MAG0757.0	/PATH/MAG0757.fasta
MAG0758.0	/PATH/MAG0758.fasta
MAG0759.0	/PATH/MAG0759.fasta
MAG0760.0	/PATH/MAG0760.fasta
MAG0761.0	/PATH/MAG0761.fasta
MAG0762.0	/PATH/MAG0762.fasta
MAG0763.0	/PATH/MAG0763.fasta
MAG0764.0	/PATH/MAG0764.fasta
MAG0765.0	/PATH/MAG0765.fasta
MAG0766.0	/PATH/MAG0766.fasta
MAG0767.0	/PATH/MAG0767.fasta
MAG0768.0	/PATH/MAG0768.fasta
MAG0769.0	/PATH/MAG0769.fasta
MAG0770.0	/PATH/MAG0770.fasta
MAG0771.0	/PATH/MAG0771.fasta
MAG0772.0	/PATH/MAG0772.fasta
MAG0773.0	/PATH/MAG0773.fasta
MAG0774.0	/PATH/MAG0774.fasta
MAG0775.0	/PATH/MAG0775.fasta
MAG0776.0	/PATH/MAG0776.fasta
MAG0777.0	/PATH/MAG0777.fasta
MAG0778.0	/PATH/MAG0778.fasta
MAG0779.0	/PATH/MAG0779.fasta
MAG0780.0	/PATH/MAG0780.fasta
MAG0781.0	/PATH/MAG0781.fasta
MAG0782.0	/PATH/MAG0782.fasta
MAG0783.0	/PATH/MAG0783.fasta
MAG0784.0	/PATH/MAG0784.fasta
MAG0785.0	/PATH/MAG0785.fasta
MAG0786.0	/PATH/MAG0786.fasta
MAG0787.0	/PATH/MAG0787.fasta
MAG0788.0	/PATH/MAG0788.fasta
MAG0789.0	/PATH/MAG0789.fasta
MAG0790.0	/PATH/MAG0790.fasta
MAG0791.0	/PATH/MAG0791.fasta
MAG0792.0	/PATH/MAG0792.fasta
MAG0793.0	/PATH/MAG0793.fasta
MAG0794.0	/PATH/MAG0794.fasta
MAG0795.0	/PATH/MAG0795.fasta
MAG0796.0	/PATH/MAG0796.fasta
MAG0797.0	/PATH/MAG0797.fasta
MAG0798.0	/PATH/MAG0798.fasta
MAG0799.0	/PATH/MAG0799.fasta
MAG0800.0	/PATH/MAG0800.fasta
MAG0801.0	/PATH/MAG0801.fasta
MAG0802.0	/PATH/MAG0802.fasta
MAG0803.0	/PATH/MAG0803.fasta
MAG0804.0	/PATH/MAG0804.fasta
MAG0805.0	/PATH/MAG0805.fasta
MAG0806.0	/PATH/MAG0806.fasta
MAG0807.0	/PATH/MAG0807.fasta
MAG0808.0	/PATH/MAG0808.fasta
MAG0809.0	/PATH/MAG0809.fasta
MAG0810.0	/PATH/MAG0810.fasta
MAG0811.0	/PATH/MAG0811.fasta
MAG0812.0	/PATH/MAG0812.fasta
MAG0813.0	/PATH/MAG0813.fasta
MAG0814.0	/PATH/MAG0814.fasta
MAG0815.0	/PATH/MAG0815.fasta
MAG0816.0	/PATH/MAG0816.fasta
MAG0817.0	/PATH/MAG0817.fasta
MAG0818.0	/PATH/MAG0818.fasta
MAG0819.0	/PATH/MAG0819.fasta
MAG0820.0	/PATH/MAG0820.fasta
MAG0821.0	/PATH/MAG0821.fasta
MAG0822.0	/PATH/MAG0822.fasta
MAG0823.0	/PATH/MAG0823.fasta
MAG0824.0	/PATH/MAG0824.fasta
MAG0825.0	/PATH/MAG0825.fasta
MAG0826.0	/PATH/MAG0826.fasta
MAG0827.0	/PATH/MAG0827.fasta
MAG0828.0	/PATH/MAG0828.fasta
MAG0829.0	/PATH/MAG0829.fasta
MAG0830.0	/PATH/MAG0830.fasta
MAG0831.0	/PATH/MAG0831.fasta
MAG0832.0	/PATH/MAG0832.fasta
MAG0833.0	/PATH/MAG0833.fasta
MAG0834.0	/PATH/MAG0834.fasta
MAG0835.0	/PATH/MAG0835.fasta
MAG0836.0	/PATH/MAG0836.fasta
MAG0837.0	/PATH/MAG0837.fasta
MAG0838.0	/PATH/MAG0838.fasta
MAG0839.0	/PATH/MAG0839.fasta
MAG0840.0	/PATH/MAG0840.fasta
MAG0841.0	/PATH/MAG0841.fasta
MAG0842.0	/PATH/MAG0842.fasta
MAG0843.0	/PATH/MAG0843.fasta
MAG0844.0	/PATH/MAG0844.fasta
MAG0845.0	/PATH/MAG0845.fasta
MAG0846.0	/PATH/MAG0846.fasta
MAG0847.0	/PATH/MAG0847.fasta
MAG0848.0	/PATH/MAG0848.fasta
MAG0849.0	/PATH/MAG0849.fasta
MAG0850.0	/PATH/MAG0850.fasta
MAG0851.0	/PATH/MAG0851.fasta
MAG0852.0	/PATH/MAG0852.fasta
MAG0853.0	/PATH/MAG0853.fasta
MAG0854.0	/PATH/MAG0854.fasta
MAG0855.0	/PATH/MAG0855.fasta
MAG0856.0	/PATH/MAG0856.fasta
MAG0857.0	/PATH/MAG0857.fasta
MAG0858.0	/PATH/MAG0858.fasta
MAG0859.0	/PATH/MAG0859.fasta
MAG0860.0	/PATH/MAG0860.fasta
MAG0861.0	/PATH/MAG0861.fasta
MAG0862.0	/PATH/MAG0862.fasta
MAG0863.0	/PATH/MAG0863.fasta
MAG0864.0	/PATH/MAG0864.fasta
MAG0865.0	/PATH/MAG0865.fasta
MAG0866.0	/PATH/MAG0866.fasta
MAG0867.0	/PATH/MAG0867.fasta
MAG0868.0	/PATH/MAG0868.fasta
MAG0869.0	/PATH/MAG0869.fasta
MAG0870.0	/PATH/MAG0870.fasta
MAG0871.0	/PATH/MAG0871.fasta
MAG0872.0	/PATH/MAG0872.fasta
MAG0873.0	/PATH/MAG0873.fasta
MAG0874.0	/PATH/MAG0874.fasta
MAG0875.0	/PATH/MAG0875.fasta
MAG0876.0	/PATH/MAG0876.fasta
MAG0877.0	/PATH/MAG0877.fasta
MAG0878.0	/PATH/MAG0878.fasta
MAG0879.0	/PATH/MAG0879.fasta
MAG0880.0	/PATH/MAG0880.fasta
MAG0881.0	/PATH/MAG0881.fasta
MAG0882.0	/PATH/MAG0882.fasta
MAG0883.0	/PATH/MAG0883.fasta
MAG0884.0	/PATH/MAG0884.fasta
MAG0885.0	/PATH/MAG0885.fasta
MAG0886.0	/PATH/MAG0886.fasta
MAG0887.0	/PATH/MAG0887.fasta
MAG0888.0	/PATH/MAG0888.fasta
MAG0889.0	/PATH/MAG0889.fasta
MAG0890.0	/PATH/MAG0890.fasta
MAG0891.0	/PATH/MAG0891.fasta
MAG0892.0	/PATH/MAG0892.fasta
MAG0893.0	/PATH/MAG0893.fasta
MAG0894.0	/PATH/MAG0894.fasta
MAG0895.0	/PATH/MAG0895.fasta
MAG0896.0	/PATH/MAG0896.fasta
MAG0897.0	/PATH/MAG0897.fasta
MAG0898.0	/PATH/MAG0898.fasta
MAG0899.0	/PATH/MAG0899.fasta
MAG0900.0	/PATH/MAG0900.fasta
MAG0901.0	/PATH/MAG0901.fasta
MAG0902.0	/PATH/MAG0902.fasta
MAG0903.0	/PATH/MAG0903.fasta
MAG0904.0	/PATH/MAG0904.fasta
MAG0905.0	/PATH/MAG0905.fasta
MAG0906.0	/PATH/MAG0906.fasta
MAG0907.0	/PATH/MAG0907.fasta
MAG0908.0	/PATH/MAG0908.fasta
MAG0909.0	/PATH/MAG0909.fasta
MAG0910.0	/PATH/MAG0910.fasta
MAG0911.0	/PATH/MAG0911.fasta
MAG0912.0	/PATH/MAG0912.fasta
MAG0913.0	/PATH/MAG0913.fasta
MAG0914.0	/PATH/MAG0914.fasta
MAG0915.0	/PATH/MAG0915.fasta
MAG0916.0	/PATH/MAG0916.fasta
MAG0917.0	/PATH/MAG0917.fasta
MAG0918.0	/PATH/MAG0918.fasta
MAG0919.0	/PATH/MAG0919.fasta
MAG0920.0	/PATH/MAG0920.fasta
MAG0921.0	/PATH/MAG0921.fasta
MAG0922.0	/PATH/MAG0922.fasta
MAG0923.0	/PATH/MAG0923.fasta
MAG0924.0	/PATH/MAG0924.fasta
MAG0925.0	/PATH/MAG0925.fasta
MAG0926.0	/PATH/MAG0926.fasta
MAG0927.0	/PATH/MAG0927.fasta
MAG0928.0	/PATH/MAG0928.fasta
MAG0929.0	/PATH/MAG0929.fasta
MAG0930.0	/PATH/MAG0930.fasta
MAG0931.0	/PATH/MAG0931.fasta
MAG0932.0	/PATH/MAG0932.fasta
MAG0933.0	/PATH/MAG0933.fasta
MAG0934.0	/PATH/MAG0934.fasta
MAG0935.0	/PATH/MAG0935.fasta
MAG0936.0	/PATH/MAG0936.fasta
MAG0937.0	/PATH/MAG0937.fasta
MAG0938.0	/PATH/MAG0938.fasta
MAG0939.0	/PATH/MAG0939.fasta
MAG0940.0	/PATH/MAG0940.fasta
MAG0941.0	/PATH/MAG0941.fasta
MAG0942.0	/PATH/MAG0942.fasta
MAG0943.0	/PATH/MAG0943.fasta
MAG0944.0	/PATH/MAG0944.fasta
MAG0945.0	/PATH/MAG0945.fasta
MAG0946.0	/PATH/MAG0946.fasta
MAG0947.0	/PATH/MAG0947.fasta
MAG0948.0	/PATH/MAG0948.fasta
MAG0949.0	/PATH/MAG0949.fasta
MAG0950.0	/PATH/MAG0950.fasta
MAG0951.0	/PATH/MAG0951.fasta
MAG0952.0	/PATH/MAG0952.fasta
MAG0953.0	/PATH/MAG0953.fasta
MAG0954.0	/PATH/MAG0954.fasta
MAG0955.0	/PATH/MAG0955.fasta
MAG0956.0	/PATH/MAG0956.fasta
MAG0957.0	/PATH/MAG0957.fasta
MAG0958.0	/PATH/MAG0958.fasta
MAG0959.0	/PATH/MAG0959.fasta
MAG0960.0	/PATH/MAG0960.fasta
MAG0961.0	/PATH/MAG0961.fasta
MAG0962.0	/PATH/MAG0962.fasta
MAG0963.0	/PATH/MAG0963.fasta
MAG0964.0	/PATH/MAG0964.fasta
MAG0965.0	/PATH/MAG0965.fasta
MAG0966.0	/PATH/MAG0966.fasta
MAG0967.0	/PATH/MAG0967.fasta
MAG0968.0	/PATH/MAG0968.fasta
MAG0969.0	/PATH/MAG0969.fasta
MAG0970.0	/PATH/MAG0970.fasta
MAG0971.0	/PATH/MAG0971.fasta
MAG0972.0	/PATH/MAG0972.fasta
MAG0973.0	/PATH/MAG0973.fasta
MAG0974.0	/PATH/MAG0974.fasta
MAG0975.0	/PATH/MAG0975.fasta
MAG0976.0	/PATH/MAG0976.fasta
MAG0977.0	/PATH/MAG0977.fasta
MAG0978.0	/PATH/MAG0978.fasta
MAG0979.0	/PATH/MAG0979.fasta
MAG0980.0	/PATH/MAG0980.fasta
MAG0981.0	/PATH/MAG0981.fasta
MAG0982.0	/PATH/MAG0982.fasta
MAG0983.0	/PATH/MAG0983.fasta
MAG0984.0	/PATH/MAG0984.fasta
MAG0985.0	/PATH/MAG0985.fasta
MAG0986.0	/PATH/MAG0986.fasta
MAG0987.0	/PATH/MAG0987.fasta
MAG0988.0	/PATH/MAG0988.fasta
MAG0989.0	/PATH/MAG0989.fasta
MAG0990.0	/PATH/MAG0990.fasta
MAG0991.0	/PATH/MAG0991.fasta
MAG0992.0	/PATH/MAG0992.fasta
MAG0993.0	/PATH/MAG0993.fasta
MAG0994.0	/PATH/MAG0994.fasta
MAG0995.0	/PATH/MAG0995.fasta
MAG0996.0	/PATH/MAG0996.fasta
MAG0997.0	/PATH/MAG0997.fasta
MAG0998.0	/PATH/MAG0998.fasta
MAG0999.0	/PATH/MAG0999.fasta
MAG1000.0	/PATH/MAG1000.fasta
MAG1001.0	/PATH/MAG1001.fasta
MAG1002.0	/PATH/MAG1002.fasta
MAG1003.0	/PATH/MAG1003.fasta
MAG1004.0	/PATH/MAG1004.fasta
MAG1005.0	/PATH/MAG1005.fasta
MAG1006.0	/PATH/MAG1006.fasta
MAG1007.0	/PATH/MAG1007.fasta
MAG1008.0	/PATH/MAG1008.fasta
MAG1009.0	/PATH/MAG1009.fasta
MAG1010.0	/PATH/MAG1010.fasta
MAG1011.0	/PATH/MAG1011.fasta
MAG1012.0	/PATH/MAG1012.fasta
MAG1013.0	/PATH/MAG1013.fasta
MAG1014.0	/PATH/MAG1014.fasta
MAG1015.0	/PATH/MAG1015.fasta
MAG1016.0	/PATH/MAG1016.fasta
MAG1017.0	/PATH/MAG1017.fasta
MAG1018.0	/PATH/MAG1018.fasta
MAG1019.0	/PATH/MAG1019.fasta
MAG1020.0	/PATH/MAG1020.fasta
MAG1021.0	/PATH/MAG1021.fasta
MAG1022.0	/PATH/MAG1022.fasta
MAG1023.0	/PATH/MAG1023.fasta
MAG1024.0	/PATH/MAG1024.fasta
MAG1025.0	/PATH/MAG1025.fasta
MAG1026.0	/PATH/MAG1026.fasta
MAG1027.0	/PATH/MAG1027.fasta
MAG1028.0	/PATH/MAG1028.fasta
MAG1029.0	/PATH/MAG1029.fasta
MAG1030.0	/PATH/MAG1030.fasta
MAG1031.0	/PATH/MAG1031.fasta
MAG1032.0	/PATH/MAG1032.fasta
MAG1033.0	/PATH/MAG1033.fasta
MAG1034.0	/PATH/MAG1034.fasta
MAG1035.0	/PATH/MAG1035.fasta
MAG1036.0	/PATH/MAG1036.fasta
MAG1037.0	/PATH/MAG1037.fasta
MAG1038.0	/PATH/MAG1038.fasta
MAG1039.0	/PATH/MAG1039.fasta
MAG1040.0	/PATH/MAG1040.fasta
MAG1041.0	/PATH/MAG1041.fasta
MAG1042.0	/PATH/MAG1042.fasta
MAG1043.0	/PATH/MAG1043.fasta
MAG1044.0	/PATH/MAG1044.fasta
MAG1045.0	/PATH/MAG1045.fasta
MAG1046.0	/PATH/MAG1046.fasta
MAG1047.0	/PATH/MAG1047.fasta
MAG1048.0	/PATH/MAG1048.fasta
MAG1049.0	/PATH/MAG1049.fasta
MAG1050.0	/PATH/MAG1050.fasta
MAG1051.0	/PATH/MAG1051.fasta
MAG1052.0	/PATH/MAG1052.fasta
MAG1053.0	/PATH/MAG1053.fasta
MAG1054.0	/PATH/MAG1054.fasta
MAG1055.0	/PATH/MAG1055.fasta
MAG1056.0	/PATH/MAG1056.fasta
MAG1057.0	/PATH/MAG1057.fasta
MAG1058.0	/PATH/MAG1058.fasta
MAG1059.0	/PATH/MAG1059.fasta
MAG1060.0	/PATH/MAG1060.fasta
MAG1061.0	/PATH/MAG1061.fasta
MAG1062.0	/PATH/MAG1062.fasta
MAG1063.0	/PATH/MAG1063.fasta
MAG1064.0	/PATH/MAG1064.fasta
MAG1065.0	/PATH/MAG1065.fasta
MAG1066.0	/PATH/MAG1066.fasta
MAG1067.0	/PATH/MAG1067.fasta
MAG1068.0	/PATH/MAG1068.fasta
MAG1069.0	/PATH/MAG1069.fasta
MAG1070.0	/PATH/MAG1070.fasta
MAG1071.0	/PATH/MAG1071.fasta
MAG1072.0	/PATH/MAG1072.fasta
MAG1073.0	/PATH/MAG1073.fasta
MAG1074.0	/PATH/MAG1074.fasta
MAG1075.0	/PATH/MAG1075.fasta
MAG1076.0	/PATH/MAG1076.fasta
MAG1077.0	/PATH/MAG1077.fasta
MAG1078.0	/PATH/MAG1078.fasta
MAG1079.0	/PATH/MAG1079.fasta
MAG1080.0	/PATH/MAG1080.fasta
MAG1081.0	/PATH/MAG1081.fasta
MAG1082.0	/PATH/MAG1082.fasta
MAG1083.0	/PATH/MAG1083.fasta
MAG1084.0	/PATH/MAG1084.fasta
MAG1085.0	/PATH/MAG1085.fasta
MAG1086.0	/PATH/MAG1086.fasta
MAG1087.0	/PATH/MAG1087.fasta
MAG1088.0	/PATH/MAG1088.fasta
MAG1089.0	/PATH/MAG1089.fasta
MAG1090.0	/PATH/MAG1090.fasta
MAG1091.0	/PATH/MAG1091.fasta
MAG1092.0	/PATH/MAG1092.fasta
MAG1093.0	/PATH/MAG1093.fasta
MAG1094.0	/PATH/MAG1094.fasta
MAG1095.0	/PATH/MAG1095.fasta
MAG1096.0	/PATH/MAG1096.fasta
MAG1097.0	/PATH/MAG1097.fasta
MAG1098.0	/PATH/MAG1098.fasta
MAG1099.0	/PATH/MAG1099.fasta
MAG1100.0	/PATH/MAG1100.fasta
MAG1101.0	/PATH/MAG1101.fasta
MAG1102.0	/PATH/MAG1102.fasta
MAG1103.0	/PATH/MAG1103.fasta
MAG1104.0	/PATH/MAG1104.fasta
MAG1105.0	/PATH/MAG1105.fasta
MAG1106.0	/PATH/MAG1106.fasta
MAG1107.0	/PATH/MAG1107.fasta
MAG1108.0	/PATH/MAG1108.fasta
MAG1109.0	/PATH/MAG1109.fasta
MAG1110.0	/PATH/MAG1110.fasta
MAG1111.0	/PATH/MAG1111.fasta
MAG1112.0	/PATH/MAG1112.fasta
MAG1113.0	/PATH/MAG1113.fasta
MAG1114.0	/PATH/MAG1114.fasta
MAG1115.0	/PATH/MAG1115.fasta
MAG1116.0	/PATH/MAG1116.fasta
MAG1117.0	/PATH/MAG1117.fasta
MAG1118.0	/PATH/MAG1118.fasta
MAG1119.0	/PATH/MAG1119.fasta
MAG1120.0	/PATH/MAG1120.fasta
MAG1121.0	/PATH/MAG1121.fasta
MAG1122.0	/PATH/MAG1122.fasta
MAG1123.0	/PATH/MAG1123.fasta
MAG1124.0	/PATH/MAG1124.fasta
MAG1125.0	/PATH/MAG1125.fasta
MAG1126.0	/PATH/MAG1126.fasta
MAG1127.0	/PATH/MAG1127.fasta
MAG1128.0	/PATH/MAG1128.fasta
MAG1129.0	/PATH/MAG1129.fasta
MAG1130.0	/PATH/MAG1130.fasta
MAG1131.0	/PATH/MAG1131.fasta
MAG1132.0	/PATH/MAG1132.fasta
MAG1133.0	/PATH/MAG1133.fasta
MAG1134.0	/PATH/MAG1134.fasta
MAG1135.0	/PATH/MAG1135.fasta
MAG1136.0	/PATH/MAG1136.fasta
MAG1137.0	/PATH/MAG1137.fasta
MAG1138.0	/PATH/MAG1138.fasta
MAG1139.0	/PATH/MAG1139.fasta
MAG1140.0	/PATH/MAG1140.fasta
MAG1141.0	/PATH/MAG1141.fasta
MAG1142.0	/PATH/MAG1142.fasta
MAG1143.0	/PATH/MAG1143.fasta
MAG1144.0	/PATH/MAG1144.fasta
MAG1145.0	/PATH/MAG1145.fasta
MAG1146.0	/PATH/MAG1146.fasta
MAG1147.0	/PATH/MAG1147.fasta
MAG1148.0	/PATH/MAG1148.fasta
MAG1149.0	/PATH/MAG1149.fasta
MAG1150.0	/PATH/MAG1150.fasta
MAG1151.0	/PATH/MAG1151.fasta
MAG1152.0	/PATH/MAG1152.fasta
MAG1153.0	/PATH/MAG1153.fasta
MAG1154.0	/PATH/MAG1154.fasta
MAG1155.0	/PATH/MAG1155.fasta
MAG1156.0	/PATH/MAG1156.fasta
MAG1157.0	/PATH/MAG1157.fasta
MAG1158.0	/PATH/MAG1158.fasta
MAG1159.0	/PATH/MAG1159.fasta
MAG1160.0	/PATH/MAG1160.fasta
MAG1161.0	/PATH/MAG1161.fasta
MAG1162.0	/PATH/MAG1162.fasta
MAG1163.0	/PATH/MAG1163.fasta
MAG1164.0	/PATH/MAG1164.fasta
MAG1165.0	/PATH/MAG1165.fasta
MAG1166.0	/PATH/MAG1166.fasta
MAG1167.0	/PATH/MAG1167.fasta
MAG1168.0	/PATH/MAG1168.fasta
MAG1169.0	/PATH/MAG1169.fasta
MAG1170.0	/PATH/MAG1170.fasta
MAG1171.0	/PATH/MAG1171.fasta
MAG1172.0	/PATH/MAG1172.fasta
MAG1173.0	/PATH/MAG1173.fasta
MAG1174.0	/PATH/MAG1174.fasta
MAG1175.0	/PATH/MAG1175.fasta
MAG1176.0	/PATH/MAG1176.fasta
MAG1177.0	/PATH/MAG1177.fasta
MAG1178.0	/PATH/MAG1178.fasta
MAG1179.0	/PATH/MAG1179.fasta
MAG1180.0	/PATH/MAG1180.fasta
MAG1181.0	/PATH/MAG1181.fasta
MAG1182.0	/PATH/MAG1182.fasta
MAG1183.0	/PATH/MAG1183.fasta
MAG1184.0	/PATH/MAG1184.fasta
MAG1185.0	/PATH/MAG1185.fasta
MAG1186.0	/PATH/MAG1186.fasta
MAG1187.0	/PATH/MAG1187.fasta
MAG1188.0	/PATH/MAG1188.fasta
MAG1189.0	/PATH/MAG1189.fasta
MAG1190.0	/PATH/MAG1190.fasta
MAG1191.0	/PATH/MAG1191.fasta
MAG1192.0	/PATH/MAG1192.fasta
MAG1193.0	/PATH/MAG1193.fasta
MAG1194.0	/PATH/MAG1194.fasta
MAG1195.0	/PATH/MAG1195.fasta
MAG1196.0	/PATH/MAG1196.fasta
MAG1197.0	/PATH/MAG1197.fasta
MAG1198.0	/PATH/MAG1198.fasta
MAG1199.0	/PATH/MAG1199.fasta
MAG1200.0	/PATH/MAG1200.fasta
MAG1201.0	/PATH/MAG1201.fasta
MAG1202.0	/PATH/MAG1202.fasta
MAG1203.0	/PATH/MAG1203.fasta
MAG1204.0	/PATH/MAG1204.fasta
MAG1205.0	/PATH/MAG1205.fasta
MAG1206.0	/PATH/MAG1206.fasta
MAG1207.0	/PATH/MAG1207.fasta
MAG1208.0	/PATH/MAG1208.fasta
MAG1209.0	/PATH/MAG1209.fasta
MAG1210.0	/PATH/MAG1210.fasta
MAG1211.0	/PATH/MAG1211.fasta
MAG1212.0	/PATH/MAG1212.fasta
MAG1213.0	/PATH/MAG1213.fasta
MAG1214.0	/PATH/MAG1214.fasta
MAG1215.0	/PATH/MAG1215.fasta
MAG1216.0	/PATH/MAG1216.fasta
MAG1217.0	/PATH/MAG1217.fasta
MAG1218.0	/PATH/MAG1218.fasta
MAG1219.0	/PATH/MAG1219.fasta
MAG1220.0	/PATH/MAG1220.fasta
MAG1221.0	/PATH/MAG1221.fasta
MAG1222.0	/PATH/MAG1222.fasta
MAG1223.0	/PATH/MAG1223.fasta
MAG1224.0	/PATH/MAG1224.fasta
MAG1225.0	/PATH/MAG1225.fasta
MAG1226.0	/PATH/MAG1226.fasta
MAG1227.0	/PATH/MAG1227.fasta
MAG1228.0	/PATH/MAG1228.fasta
MAG1229.0	/PATH/MAG1229.fasta
MAG1230.0	/PATH/MAG1230.fasta
MAG1231.0	/PATH/MAG1231.fasta
MAG1232.0	/PATH/MAG1232.fasta
MAG1233.0	/PATH/MAG1233.fasta
MAG1234.0	/PATH/MAG1234.fasta
MAG1235.0	/PATH/MAG1235.fasta
MAG1236.0	/PATH/MAG1236.fasta
MAG1237.0	/PATH/MAG1237.fasta
MAG1238.0	/PATH/MAG1238.fasta
MAG1239.0	/PATH/MAG1239.fasta
MAG1240.0	/PATH/MAG1240.fasta
MAG1241.0	/PATH/MAG1241.fasta
MAG1242.0	/PATH/MAG1242.fasta
MAG1243.0	/PATH/MAG1243.fasta
MAG1244.0	/PATH/MAG1244.fasta
MAG1245.0	/PATH/MAG1245.fasta
MAG1246.0	/PATH/MAG1246.fasta
MAG1247.0	/PATH/MAG1247.fasta
MAG1248.0	/PATH/MAG1248.fasta
MAG1249.0	/PATH/MAG1249.fasta
MAG1250.0	/PATH/MAG1250.fasta
MAG1251.0	/PATH/MAG1251.fasta
MAG1252.0	/PATH/MAG1252.fasta
MAG1253.0	/PATH/MAG1253.fasta
MAG1254.0	/PATH/MAG1254.fasta
MAG1255.0	/PATH/MAG1255.fasta
MAG1256.0	/PATH/MAG1256.fasta
MAG1257.0	/PATH/MAG1257.fasta
MAG1258.0	/PATH/MAG1258.fasta
MAG1259.0	/PATH/MAG1259.fasta
MAG1260.0	/PATH/MAG1260.fasta
MAG1261.0	/PATH/MAG1261.fasta
MAG1262.0	/PATH/MAG1262.fasta
MAG1263.0	/PATH/MAG1263.fasta
MAG1264.0	/PATH/MAG1264.fasta
MAG1265.0	/PATH/MAG1265.fasta
MAG1266.0	/PATH/MAG1266.fasta
MAG1267.0	/PATH/MAG1267.fasta
MAG1268.0	/PATH/MAG1268.fasta
MAG1269.0	/PATH/MAG1269.fasta
MAG1270.0	/PATH/MAG1270.fasta
MAG1271.0	/PATH/MAG1271.fasta
MAG1272.0	/PATH/MAG1272.fasta
MAG1273.0	/PATH/MAG1273.fasta
MAG1274.0	/PATH/MAG1274.fasta
MAG1275.0	/PATH/MAG1275.fasta
MAG1276.0	/PATH/MAG1276.fasta
MAG1277.0	/PATH/MAG1277.fasta
MAG1278.0	/PATH/MAG1278.fasta
MAG1279.0	/PATH/MAG1279.fasta
MAG1280.0	/PATH/MAG1280.fasta
MAG1281.0	/PATH/MAG1281.fasta
MAG1282.0	/PATH/MAG1282.fasta
MAG1283.0	/PATH/MAG1283.fasta
MAG1284.0	/PATH/MAG1284.fasta
MAG1285.0	/PATH/MAG1285.fasta
MAG1286.0	/PATH/MAG1286.fasta
MAG1287.0	/PATH/MAG1287.fasta
MAG1288.0	/PATH/MAG1288.fasta
MAG1289.0	/PATH/MAG1289.fasta
MAG1290.0	/PATH/MAG1290.fasta
MAG1291.0	/PATH/MAG1291.fasta
MAG1292.0	/PATH/MAG1292.fasta
MAG1293.0	/PATH/MAG1293.fasta
MAG1294.0	/PATH/MAG1294.fasta
MAG1295.0	/PATH/MAG1295.fasta
MAG1296.0	/PATH/MAG1296.fasta
MAG1297.0	/PATH/MAG1297.fasta
MAG1298.0	/PATH/MAG1298.fasta
MAG1299.0	/PATH/MAG1299.fasta
MAG1300.0	/PATH/MAG1300.fasta
MAG1301.0	/PATH/MAG1301.fasta
MAG1302.0	/PATH/MAG1302.fasta
MAG1303.0	/PATH/MAG1303.fasta
MAG1304.0	/PATH/MAG1304.fasta
MAG1305.0	/PATH/MAG1305.fasta
MAG1306.0	/PATH/MAG1306.fasta
MAG1307.0	/PATH/MAG1307.fasta
MAG1308.0	/PATH/MAG1308.fasta
MAG1309.0	/PATH/MAG1309.fasta
MAG1310.0	/PATH/MAG1310.fasta
MAG1311.0	/PATH/MAG1311.fasta
MAG1312.0	/PATH/MAG1312.fasta
MAG1313.0	/PATH/MAG1313.fasta
MAG1314.0	/PATH/MAG1314.fasta
MAG1315.0	/PATH/MAG1315.fasta
MAG1316.0	/PATH/MAG1316.fasta
MAG1317.0	/PATH/MAG1317.fasta
MAG1318.0	/PATH/MAG1318.fasta
MAG1319.0	/PATH/MAG1319.fasta
MAG1320.0	/PATH/MAG1320.fasta
MAG1321.0	/PATH/MAG1321.fasta
MAG1322.0	/PATH/MAG1322.fasta
MAG1323.0	/PATH/MAG1323.fasta
MAG1324.0	/PATH/MAG1324.fasta
MAG1325.0	/PATH/MAG1325.fasta
MAG1326.0	/PATH/MAG1326.fasta
MAG1327.0	/PATH/MAG1327.fasta
MAG1328.0	/PATH/MAG1328.fasta
MAG1329.0	/PATH/MAG1329.fasta
MAG1330.0	/PATH/MAG1330.fasta
MAG1331.0	/PATH/MAG1331.fasta
MAG1332.0	/PATH/MAG1332.fasta
MAG1333.0	/PATH/MAG1333.fasta
MAG1334.0	/PATH/MAG1334.fasta
MAG1335.0	/PATH/MAG1335.fasta
MAG1336.0	/PATH/MAG1336.fasta
MAG1337.0	/PATH/MAG1337.fasta
MAG1338.0	/PATH/MAG1338.fasta
MAG1339.0	/PATH/MAG1339.fasta
MAG1340.0	/PATH/MAG1340.fasta
MAG1341.0	/PATH/MAG1341.fasta
MAG1342.0	/PATH/MAG1342.fasta
MAG1343.0	/PATH/MAG1343.fasta
MAG1344.0	/PATH/MAG1344.fasta
MAG1345.0	/PATH/MAG1345.fasta
MAG1346.0	/PATH/MAG1346.fasta
MAG1347.0	/PATH/MAG1347.fasta
MAG1348.0	/PATH/MAG1348.fasta
MAG1349.0	/PATH/MAG1349.fasta
MAG1350.0	/PATH/MAG1350.fasta
MAG1351.0	/PATH/MAG1351.fasta
MAG1352.0	/PATH/MAG1352.fasta
MAG1353.0	/PATH/MAG1353.fasta
MAG1354.0	/PATH/MAG1354.fasta
MAG1355.0	/PATH/MAG1355.fasta
MAG1356.0	/PATH/MAG1356.fasta
MAG1357.0	/PATH/MAG1357.fasta
MAG1358.0	/PATH/MAG1358.fasta
MAG1359.0	/PATH/MAG1359.fasta
MAG1360.0	/PATH/MAG1360.fasta
MAG1361.0	/PATH/MAG1361.fasta
MAG1362.0	/PATH/MAG1362.fasta
MAG1363.0	/PATH/MAG1363.fasta
MAG1364.0	/PATH/MAG1364.fasta
MAG1365.0	/PATH/MAG1365.fasta
MAG1366.0	/PATH/MAG1366.fasta
MAG1367.0	/PATH/MAG1367.fasta
MAG1368.0	/PATH/MAG1368.fasta
MAG1369.0	/PATH/MAG1369.fasta
MAG1370.0	/PATH/MAG1370.fasta
MAG1371.0	/PATH/MAG1371.fasta
MAG1372.0	/PATH/MAG1372.fasta
MAG1373.0	/PATH/MAG1373.fasta
MAG1374.0	/PATH/MAG1374.fasta
MAG1375.0	/PATH/MAG1375.fasta
MAG1376.0	/PATH/MAG1376.fasta
MAG1377.0	/PATH/MAG1377.fasta
MAG1378.0	/PATH/MAG1378.fasta
MAG1379.0	/PATH/MAG1379.fasta
MAG1380.0	/PATH/MAG1380.fasta
MAG1381.0	/PATH/MAG1381.fasta
MAG1382.0	/PATH/MAG1382.fasta
MAG1383.0	/PATH/MAG1383.fasta
MAG1384.0	/PATH/MAG1384.fasta
MAG1385.0	/PATH/MAG1385.fasta
MAG1386.0	/PATH/MAG1386.fasta
MAG1387.0	/PATH/MAG1387.fasta
MAG1388.0	/PATH/MAG1388.fasta
MAG1389.0	/PATH/MAG1389.fasta
MAG1390.0	/PATH/MAG1390.fasta
MAG1391.0	/PATH/MAG1391.fasta
MAG1392.0	/PATH/MAG1392.fasta
MAG1393.0	/PATH/MAG1393.fasta
MAG1394.0	/PATH/MAG1394.fasta
MAG1395.0	/PATH/MAG1395.fasta
MAG1396.0	/PATH/MAG1396.fasta
MAG1397.0	/PATH/MAG1397.fasta
MAG1398.0	/PATH/MAG1398.fasta
MAG1399.0	/PATH/MAG1399.fasta
MAG1400.0	/PATH/MAG1400.fasta
MAG1401.0	/PATH/MAG1401.fasta
MAG1402.0	/PATH/MAG1402.fasta
MAG1403.0	/PATH/MAG1403.fasta
MAG1404.0	/PATH/MAG1404.fasta
MAG1405.0	/PATH/MAG1405.fasta
MAG1406.0	/PATH/MAG1406.fasta
MAG1407.0	/PATH/MAG1407.fasta
MAG1408.0	/PATH/MAG1408.fasta
MAG1409.0	/PATH/MAG1409.fasta
MAG1410.0	/PATH/MAG1410.fasta
MAG1411.0	/PATH/MAG1411.fasta
MAG1412.0	/PATH/MAG1412.fasta
MAG1413.0	/PATH/MAG1413.fasta
MAG1414.0	/PATH/MAG1414.fasta
MAG1415.0	/PATH/MAG1415.fasta
MAG1416.0	/PATH/MAG1416.fasta
MAG1417.0	/PATH/MAG1417.fasta
MAG1418.0	/PATH/MAG1418.fasta
MAG1419.0	/PATH/MAG1419.fasta
MAG1420.0	/PATH/MAG1420.fasta
MAG1421.0	/PATH/MAG1421.fasta
MAG1422.0	/PATH/MAG1422.fasta
MAG1423.0	/PATH/MAG1423.fasta
MAG1424.0	/PATH/MAG1424.fasta
MAG1425.0	/PATH/MAG1425.fasta
MAG1426.0	/PATH/MAG1426.fasta
MAG1427.0	/PATH/MAG1427.fasta
MAG1428.0	/PATH/MAG1428.fasta
MAG1429.0	/PATH/MAG1429.fasta
MAG1430.0	/PATH/MAG1430.fasta
MAG1431.0	/PATH/MAG1431.fasta
MAG1432.0	/PATH/MAG1432.fasta
MAG1433.0	/PATH/MAG1433.fasta
MAG1434.0	/PATH/MAG1434.fasta
MAG1435.0	/PATH/MAG1435.fasta
MAG1436.0	/PATH/MAG1436.fasta
MAG1437.0	/PATH/MAG1437.fasta
MAG1438.0	/PATH/MAG1438.fasta
MAG1439.0	/PATH/MAG1439.fasta
MAG1440.0	/PATH/MAG1440.fasta
MAG1441.0	/PATH/MAG1441.fasta
MAG1442.0	/PATH/MAG1442.fasta
MAG1443.0	/PATH/MAG1443.fasta
MAG1444.0	/PATH/MAG1444.fasta
MAG1445.0	/PATH/MAG1445.fasta
MAG1446.0	/PATH/MAG1446.fasta
MAG1447.0	/PATH/MAG1447.fasta
MAG1448.0	/PATH/MAG1448.fasta
MAG1449.0	/PATH/MAG1449.fasta
MAG1450.0	/PATH/MAG1450.fasta
MAG1451.0	/PATH/MAG1451.fasta
MAG1452.0	/PATH/MAG1452.fasta
MAG1453.0	/PATH/MAG1453.fasta
MAG1454.0	/PATH/MAG1454.fasta
MAG1455.0	/PATH/MAG1455.fasta
MAG1456.0	/PATH/MAG1456.fasta
MAG1457.0	/PATH/MAG1457.fasta
MAG1458.0	/PATH/MAG1458.fasta
MAG1459.0	/PATH/MAG1459.fasta
MAG1460.0	/PATH/MAG1460.fasta
MAG1461.0	/PATH/MAG1461.fasta
MAG1462.0	/PATH/MAG1462.fasta
MAG1463.0	/PATH/MAG1463.fasta
MAG1464.0	/PATH/MAG1464.fasta
MAG1465.0	/PATH/MAG1465.fasta
MAG1466.0	/PATH/MAG1466.fasta
MAG1467.0	/PATH/MAG1467.fasta
MAG1468.0	/PATH/MAG1468.fasta
MAG1469.0	/PATH/MAG1469.fasta
MAG1470.0	/PATH/MAG1470.fasta
MAG1471.0	/PATH/MAG1471.fasta
MAG1472.0	/PATH/MAG1472.fasta
MAG1473.0	/PATH/MAG1473.fasta
MAG1474.0	/PATH/MAG1474.fasta
MAG1475.0	/PATH/MAG1475.fasta
MAG1476.0	/PATH/MAG1476.fasta
MAG1477.0	/PATH/MAG1477.fasta
MAG1478.0	/PATH/MAG1478.fasta
MAG1479.0	/PATH/MAG1479.fasta
MAG1480.0	/PATH/MAG1480.fasta
MAG1481.0	/PATH/MAG1481.fasta
MAG1482.0	/PATH/MAG1482.fasta
MAG1483.0	/PATH/MAG1483.fasta
MAG1484.0	/PATH/MAG1484.fasta
MAG1485.0	/PATH/MAG1485.fasta
MAG1486.0	/PATH/MAG1486.fasta
MAG1487.0	/PATH/MAG1487.fasta
MAG1488.0	/PATH/MAG1488.fasta
MAG1489.0	/PATH/MAG1489.fasta
MAG1490.0	/PATH/MAG1490.fasta
MAG1491.0	/PATH/MAG1491.fasta
MAG1492.0	/PATH/MAG1492.fasta
MAG1493.0	/PATH/MAG1493.fasta
MAG1494.0	/PATH/MAG1494.fasta
MAG1495.0	/PATH/MAG1495.fasta
MAG1496.0	/PATH/MAG1496.fasta
MAG1497.0	/PATH/MAG1497.fasta
MAG1498.0	/PATH/MAG1498.fasta
MAG1499.0	/PATH/MAG1499.fasta
MAG1500.0	/PATH/MAG1500.fasta
MAG1501.0	/PATH/MAG1501.fasta
MAG1502.0	/PATH/MAG1502.fasta
MAG1503.0	/PATH/MAG1503.fasta
MAG1504.0	/PATH/MAG1504.fasta
MAG1505.0	/PATH/MAG1505.fasta
MAG1506.0	/PATH/MAG1506.fasta
MAG1507.0	/PATH/MAG1507.fasta
MAG1508.0	/PATH/MAG1508.fasta
MAG1509.0	/PATH/MAG1509.fasta
MAG1510.0	/PATH/MAG1510.fasta
MAG1511.0	/PATH/MAG1511.fasta
MAG1512.0	/PATH/MAG1512.fasta
MAG1513.0	/PATH/MAG1513.fasta
MAG1514.0	/PATH/MAG1514.fasta
MAG1515.0	/PATH/MAG1515.fasta
MAG1516.0	/PATH/MAG1516.fasta
MAG1517.0	/PATH/MAG1517.fasta
MAG1518.0	/PATH/MAG1518.fasta
MAG1519.0	/PATH/MAG1519.fasta
MAG1520.0	/PATH/MAG1520.fasta
MAG1521.0	/PATH/MAG1521.fasta
MAG1522.0	/PATH/MAG1522.fasta
MAG1523.0	/PATH/MAG1523.fasta
MAG1524.0	/PATH/MAG1524.fasta
MAG1525.0	/PATH/MAG1525.fasta
MAG1526.0	/PATH/MAG1526.fasta
MAG1527.0	/PATH/MAG1527.fasta
MAG1528.0	/PATH/MAG1528.fasta
MAG1529.0	/PATH/MAG1529.fasta
MAG1530.0	/PATH/MAG1530.fasta
MAG1531.0	/PATH/MAG1531.fasta
MAG1532.0	/PATH/MAG1532.fasta
MAG1533.0	/PATH/MAG1533.fasta
MAG1534.0	/PATH/MAG1534.fasta
MAG1535.0	/PATH/MAG1535.fasta
MAG1536.0	/PATH/MAG1536.fasta
MAG1537.0	/PATH/MAG1537.fasta
MAG1538.0	/PATH/MAG1538.fasta
MAG1539.0	/PATH/MAG1539.fasta
MAG1540.0	/PATH/MAG1540.fasta
MAG1541.0	/PATH/MAG1541.fasta
MAG1542.0	/PATH/MAG1542.fasta
MAG1543.0	/PATH/MAG1543.fasta
MAG1544.0	/PATH/MAG1544.fasta
MAG1545.0	/PATH/MAG1545.fasta
MAG1546.0	/PATH/MAG1546.fasta
MAG1547.0	/PATH/MAG1547.fasta
MAG1548.0	/PATH/MAG1548.fasta
MAG1549.0	/PATH/MAG1549.fasta
MAG1550.0	/PATH/MAG1550.fasta
MAG1551.0	/PATH/MAG1551.fasta
MAG1552.0	/PATH/MAG1552.fasta
MAG1553.0	/PATH/MAG1553.fasta
MAG1554.0	/PATH/MAG1554.fasta
MAG1555.0	/PATH/MAG1555.fasta
MAG1556.0	/PATH/MAG1556.fasta
MAG1557.0	/PATH/MAG1557.fasta
MAG1558.0	/PATH/MAG1558.fasta
MAG1559.0	/PATH/MAG1559.fasta
MAG1560.0	/PATH/MAG1560.fasta
MAG1561.0	/PATH/MAG1561.fasta
MAG1562.0	/PATH/MAG1562.fasta
MAG1563.0	/PATH/MAG1563.fasta
MAG1564.0	/PATH/MAG1564.fasta
MAG1565.0	/PATH/MAG1565.fasta
MAG1566.0	/PATH/MAG1566.fasta
MAG1567.0	/PATH/MAG1567.fasta
MAG1568.0	/PATH/MAG1568.fasta
MAG1569.0	/PATH/MAG1569.fasta
MAG1570.0	/PATH/MAG1570.fasta
MAG1571.0	/PATH/MAG1571.fasta
MAG1572.0	/PATH/MAG1572.fasta
MAG1573.0	/PATH/MAG1573.fasta
MAG1574.0	/PATH/MAG1574.fasta
MAG1575.0	/PATH/MAG1575.fasta
MAG1576.0	/PATH/MAG1576.fasta
MAG1577.0	/PATH/MAG1577.fasta
MAG1578.0	/PATH/MAG1578.fasta
MAG1579.0	/PATH/MAG1579.fasta
MAG1580.0	/PATH/MAG1580.fasta
MAG1581.0	/PATH/MAG1581.fasta
MAG1582.0	/PATH/MAG1582.fasta
MAG1583.0	/PATH/MAG1583.fasta
MAG1584.0	/PATH/MAG1584.fasta
MAG1585.0	/PATH/MAG1585.fasta
MAG1586.0	/PATH/MAG1586.fasta
MAG1587.0	/PATH/MAG1587.fasta
MAG1588.0	/PATH/MAG1588.fasta
MAG1589.0	/PATH/MAG1589.fasta
MAG1590.0	/PATH/MAG1590.fasta
MAG1591.0	/PATH/MAG1591.fasta
MAG1592.0	/PATH/MAG1592.fasta
MAG1593.0	/PATH/MAG1593.fasta
MAG1594.0	/PATH/MAG1594.fasta
MAG1595.0	/PATH/MAG1595.fasta
MAG1596.0	/PATH/MAG1596.fasta
MAG1597.0	/PATH/MAG1597.fasta
MAG1598.0	/PATH/MAG1598.fasta
MAG1599.0	/PATH/MAG1599.fasta
MAG1600.0	/PATH/MAG1600.fasta
MAG1601.0	/PATH/MAG1601.fasta
MAG1602.0	/PATH/MAG1602.fasta
MAG1603.0	/PATH/MAG1603.fasta
MAG1604.0	/PATH/MAG1604.fasta
MAG1605.0	/PATH/MAG1605.fasta
MAG1606.0	/PATH/MAG1606.fasta
MAG1607.0	/PATH/MAG1607.fasta
MAG1608.0	/PATH/MAG1608.fasta
MAG1609.0	/PATH/MAG1609.fasta
MAG1610.0	/PATH/MAG1610.fasta
MAG1611.0	/PATH/MAG1611.fasta
MAG1612.0	/PATH/MAG1612.fasta
MAG1613.0	/PATH/MAG1613.fasta
MAG1614.0	/PATH/MAG1614.fasta
MAG1615.0	/PATH/MAG1615.fasta
MAG1616.0	/PATH/MAG1616.fasta
MAG1617.0	/PATH/MAG1617.fasta
MAG1618.0	/PATH/MAG1618.fasta
MAG1619.0	/PATH/MAG1619.fasta
MAG1620.0	/PATH/MAG1620.fasta
MAG1621.0	/PATH/MAG1621.fasta
MAG1622.0	/PATH/MAG1622.fasta
MAG1623.0	/PATH/MAG1623.fasta
MAG1624.0	/PATH/MAG1624.fasta
MAG1625.0	/PATH/MAG1625.fasta
MAG1626.0	/PATH/MAG1626.fasta
MAG1627.0	/PATH/MAG1627.fasta
MAG1628.0	/PATH/MAG1628.fasta
MAG1629.0	/PATH/MAG1629.fasta
MAG1630.0	/PATH/MAG1630.fasta
MAG1631.0	/PATH/MAG1631.fasta
MAG1632.0	/PATH/MAG1632.fasta
MAG1633.0	/PATH/MAG1633.fasta
MAG1634.0	/PATH/MAG1634.fasta
MAG1635.0	/PATH/MAG1635.fasta
MAG1636.0	/PATH/MAG1636.fasta
MAG1637.0	/PATH/MAG1637.fasta
MAG1638.0	/PATH/MAG1638.fasta
MAG1639.0	/PATH/MAG1639.fasta
MAG1640.0	/PATH/MAG1640.fasta
MAG1641.0	/PATH/MAG1641.fasta
MAG1642.0	/PATH/MAG1642.fasta
MAG1643.0	/PATH/MAG1643.fasta
MAG1644.0	/PATH/MAG1644.fasta
MAG1645.0	/PATH/MAG1645.fasta
MAG1646.0	/PATH/MAG1646.fasta
MAG1647.0	/PATH/MAG1647.fasta
MAG1648.0	/PATH/MAG1648.fasta
MAG1649.0	/PATH/MAG1649.fasta
MAG1650.0	/PATH/MAG1650.fasta
MAG1651.0	/PATH/MAG1651.fasta
MAG1652.0	/PATH/MAG1652.fasta
MAG1653.0	/PATH/MAG1653.fasta
MAG1654.0	/PATH/MAG1654.fasta
MAG1655.0	/PATH/MAG1655.fasta
MAG1656.0	/PATH/MAG1656.fasta
MAG1657.0	/PATH/MAG1657.fasta
MAG1658.0	/PATH/MAG1658.fasta
MAG1659.0	/PATH/MAG1659.fasta
MAG1660.0	/PATH/MAG1660.fasta
MAG1661.0	/PATH/MAG1661.fasta
MAG1662.0	/PATH/MAG1662.fasta
MAG1663.0	/PATH/MAG1663.fasta
MAG1664.0	/PATH/MAG1664.fasta
MAG1665.0	/PATH/MAG1665.fasta
MAG1666.0	/PATH/MAG1666.fasta
MAG1667.0	/PATH/MAG1667.fasta
MAG1668.0	/PATH/MAG1668.fasta
MAG1669.0	/PATH/MAG1669.fasta
MAG1670.0	/PATH/MAG1670.fasta
MAG1671.0	/PATH/MAG1671.fasta
MAG1672.0	/PATH/MAG1672.fasta
MAG1673.0	/PATH/MAG1673.fasta
MAG1674.0	/PATH/MAG1674.fasta
MAG1675.0	/PATH/MAG1675.fasta
MAG1676.0	/PATH/MAG1676.fasta
MAG1677.0	/PATH/MAG1677.fasta
MAG1678.0	/PATH/MAG1678.fasta
MAG1679.0	/PATH/MAG1679.fasta
MAG1680.0	/PATH/MAG1680.fasta
MAG1681.0	/PATH/MAG1681.fasta
MAG1682.0	/PATH/MAG1682.fasta
MAG1683.0	/PATH/MAG1683.fasta
MAG1684.0	/PATH/MAG1684.fasta
MAG1685.0	/PATH/MAG1685.fasta
MAG1686.0	/PATH/MAG1686.fasta
MAG1687.0	/PATH/MAG1687.fasta
MAG1688.0	/PATH/MAG1688.fasta
MAG1689.0	/PATH/MAG1689.fasta
MAG1690.0	/PATH/MAG1690.fasta
MAG1691.0	/PATH/MAG1691.fasta
MAG1692.0	/PATH/MAG1692.fasta
MAG1693.0	/PATH/MAG1693.fasta
MAG1694.0	/PATH/MAG1694.fasta
MAG1695.0	/PATH/MAG1695.fasta
MAG1696.0	/PATH/MAG1696.fasta
MAG1697.0	/PATH/MAG1697.fasta
MAG1698.0	/PATH/MAG1698.fasta
MAG1699.0	/PATH/MAG1699.fasta
MAG1700.0	/PATH/MAG1700.fasta
MAG1701.0	/PATH/MAG1701.fasta
MAG1702.0	/PATH/MAG1702.fasta
MAG1703.0	/PATH/MAG1703.fasta
MAG1704.0	/PATH/MAG1704.fasta
MAG1705.0	/PATH/MAG1705.fasta
MAG1706.0	/PATH/MAG1706.fasta
MAG1707.0	/PATH/MAG1707.fasta
MAG1708.0	/PATH/MAG1708.fasta
MAG1709.0	/PATH/MAG1709.fasta
MAG1710.0	/PATH/MAG1710.fasta
MAG1711.0	/PATH/MAG1711.fasta
MAG1712.0	/PATH/MAG1712.fasta
MAG1713.0	/PATH/MAG1713.fasta
MAG1714.0	/PATH/MAG1714.fasta
MAG1715.0	/PATH/MAG1715.fasta
MAG1716.0	/PATH/MAG1716.fasta
MAG1717.0	/PATH/MAG1717.fasta
MAG1718.0	/PATH/MAG1718.fasta
MAG1719.0	/PATH/MAG1719.fasta
MAG1720.0	/PATH/MAG1720.fasta
MAG1721.0	/PATH/MAG1721.fasta
MAG1722.0	/PATH/MAG1722.fasta
MAG1723.0	/PATH/MAG1723.fasta
MAG1724.0	/PATH/MAG1724.fasta
MAG1725.0	/PATH/MAG1725.fasta
MAG1726.0	/PATH/MAG1726.fasta
MAG1727.0	/PATH/MAG1727.fasta
MAG1728.0	/PATH/MAG1728.fasta
MAG1729.0	/PATH/MAG1729.fasta
MAG1730.0	/PATH/MAG1730.fasta
MAG1731.0	/PATH/MAG1731.fasta
MAG1732.0	/PATH/MAG1732.fasta
MAG1733.0	/PATH/MAG1733.fasta
MAG1734.0	/PATH/MAG1734.fasta
MAG1735.0	/PATH/MAG1735.fasta
MAG1736.0	/PATH/MAG1736.fasta
MAG1737.0	/PATH/MAG1737.fasta
MAG1738.0	/PATH/MAG1738.fasta
MAG1739.0	/PATH/MAG1739.fasta
MAG1740.0	/PATH/MAG1740.fasta
MAG1741.0	/PATH/MAG1741.fasta
MAG1742.0	/PATH/MAG1742.fasta
MAG1743.0	/PATH/MAG1743.fasta
MAG1744.0	/PATH/MAG1744.fasta
MAG1745.0	/PATH/MAG1745.fasta
MAG1746.0	/PATH/MAG1746.fasta
MAG1747.0	/PATH/MAG1747.fasta
MAG1748.0	/PATH/MAG1748.fasta
MAG1749.0	/PATH/MAG1749.fasta
MAG1750.0	/PATH/MAG1750.fasta
MAG1751.0	/PATH/MAG1751.fasta
MAG1752.0	/PATH/MAG1752.fasta
MAG1753.0	/PATH/MAG1753.fasta
MAG1754.0	/PATH/MAG1754.fasta
MAG1755.0	/PATH/MAG1755.fasta
MAG1756.0	/PATH/MAG1756.fasta
MAG1757.0	/PATH/MAG1757.fasta
MAG1758.0	/PATH/MAG1758.fasta
MAG1759.0	/PATH/MAG1759.fasta
MAG1760.0	/PATH/MAG1760.fasta
MAG1761.0	/PATH/MAG1761.fasta
MAG1762.0	/PATH/MAG1762.fasta
MAG1763.0	/PATH/MAG1763.fasta
MAG1764.0	/PATH/MAG1764.fasta
MAG1765.0	/PATH/MAG1765.fasta
MAG1766.0	/PATH/MAG1766.fasta
MAG1767.0	/PATH/MAG1767.fasta
MAG1768.0	/PATH/MAG1768.fasta
MAG1769.0	/PATH/MAG1769.fasta
MAG1770.0	/PATH/MAG1770.fasta
MAG1771.0	/PATH/MAG1771.fasta
MAG1772.0	/PATH/MAG1772.fasta
MAG1773.0	/PATH/MAG1773.fasta
MAG1774.0	/PATH/MAG1774.fasta
MAG1775.0	/PATH/MAG1775.fasta
MAG1776.0	/PATH/MAG1776.fasta
MAG1777.0	/PATH/MAG1777.fasta
MAG1778.0	/PATH/MAG1778.fasta
MAG1779.0	/PATH/MAG1779.fasta
MAG1780.0	/PATH/MAG1780.fasta
MAG1781.0	/PATH/MAG1781.fasta
MAG1782.0	/PATH/MAG1782.fasta
MAG1783.0	/PATH/MAG1783.fasta
MAG1784.0	/PATH/MAG1784.fasta
MAG1785.0	/PATH/MAG1785.fasta
MAG1786.0	/PATH/MAG1786.fasta
MAG1787.0	/PATH/MAG1787.fasta
MAG1788.0	/PATH/MAG1788.fasta
MAG1789.0	/PATH/MAG1789.fasta
MAG1790.0	/PATH/MAG1790.fasta
MAG1791.0	/PATH/MAG1791.fasta
MAG1792.0	/PATH/MAG1792.fasta
MAG1793.0	/PATH/MAG1793.fasta
MAG1794.0	/PATH/MAG1794.fasta
MAG1795.0	/PATH/MAG1795.fasta
MAG1796.0	/PATH/MAG1796.fasta
MAG1797.0	/PATH/MAG1797.fasta
MAG1798.0	/PATH/MAG1798.fasta
MAG1799.0	/PATH/MAG1799.fasta
MAG1800.0	/PATH/MAG1800.fasta
MAG1801.0	/PATH/MAG1801.fasta
MAG1802.0	/PATH/MAG1802.fasta
MAG1803.0	/PATH/MAG1803.fasta
MAG1804.0	/PATH/MAG1804.fasta
MAG1805.0	/PATH/MAG1805.fasta
MAG1806.0	/PATH/MAG1806.fasta
MAG1807.0	/PATH/MAG1807.fasta
MAG1808.0	/PATH/MAG1808.fasta
MAG1809.0	/PATH/MAG1809.fasta
MAG1810.0	/PATH/MAG1810.fasta
MAG1811.0	/PATH/MAG1811.fasta
MAG1812.0	/PATH/MAG1812.fasta
MAG1813.0	/PATH/MAG1813.fasta
MAG1814.0	/PATH/MAG1814.fasta
MAG1815.0	/PATH/MAG1815.fasta
MAG1816.0	/PATH/MAG1816.fasta
MAG1817.0	/PATH/MAG1817.fasta
MAG1818.0	/PATH/MAG1818.fasta
MAG1819.0	/PATH/MAG1819.fasta
MAG1820.0	/PATH/MAG1820.fasta
MAG1821.0	/PATH/MAG1821.fasta
MAG1822.0	/PATH/MAG1822.fasta
MAG1823.0	/PATH/MAG1823.fasta
MAG1824.0	/PATH/MAG1824.fasta
MAG1825.0	/PATH/MAG1825.fasta
MAG1826.0	/PATH/MAG1826.fasta
MAG1827.0	/PATH/MAG1827.fasta
MAG1828.0	/PATH/MAG1828.fasta
MAG1829.0	/PATH/MAG1829.fasta
MAG1830.0	/PATH/MAG1830.fasta
MAG1831.0	/PATH/MAG1831.fasta
MAG1832.0	/PATH/MAG1832.fasta
MAG1833.0	/PATH/MAG1833.fasta
MAG1834.0	/PATH/MAG1834.fasta
MAG1835.0	/PATH/MAG1835.fasta
MAG1836.0	/PATH/MAG1836.fasta
MAG1837.0	/PATH/MAG1837.fasta
MAG1838.0	/PATH/MAG1838.fasta
MAG1839.0	/PATH/MAG1839.fasta
MAG1840.0	/PATH/MAG1840.fasta
MAG1841.0	/PATH/MAG1841.fasta
MAG1842.0	/PATH/MAG1842.fasta
MAG1843.0	/PATH/MAG1843.fasta
MAG1844.0	/PATH/MAG1844.fasta
MAG1845.0	/PATH/MAG1845.fasta
MAG1846.0	/PATH/MAG1846.fasta
MAG1847.0	/PATH/MAG1847.fasta
MAG1848.0	/PATH/MAG1848.fasta
MAG1849.0	/PATH/MAG1849.fasta
MAG1850.0	/PATH/MAG1850.fasta
MAG1851.0	/PATH/MAG1851.fasta
MAG1852.0	/PATH/MAG1852.fasta
MAG1853.0	/PATH/MAG1853.fasta
MAG1854.0	/PATH/MAG1854.fasta
MAG1855.0	/PATH/MAG1855.fasta
MAG1856.0	/PATH/MAG1856.fasta
MAG1857.0	/PATH/MAG1857.fasta
MAG1858.0	/PATH/MAG1858.fasta
MAG1859.0	/PATH/MAG1859.fasta
MAG1860.0	/PATH/MAG1860.fasta
MAG1861.0	/PATH/MAG1861.fasta
MAG1862.0	/PATH/MAG1862.fasta
MAG1863.0	/PATH/MAG1863.fasta
MAG1864.0	/PATH/MAG1864.fasta
MAG1865.0	/PATH/MAG1865.fasta
MAG1866.0	/PATH/MAG1866.fasta
MAG1867.0	/PATH/MAG1867.fasta
MAG1868.0	/PATH/MAG1868.fasta
MAG1869.0	/PATH/MAG1869.fasta
MAG1870.0	/PATH/MAG1870.fasta
MAG1871.0	/PATH/MAG1871.fasta
MAG1872.0	/PATH/MAG1872.fasta
MAG1873.0	/PATH/MAG1873.fasta
MAG1874.0	/PATH/MAG1874.fasta
MAG1875.0	/PATH/MAG1875.fasta
MAG1876.0	/PATH/MAG1876.fasta
MAG1877.0	/PATH/MAG1877.fasta
MAG1878.0	/PATH/MAG1878.fasta
MAG1879.0	/PATH/MAG1879.fasta
MAG1880.0	/PATH/MAG1880.fasta
MAG1881.0	/PATH/MAG1881.fasta
MAG1882.0	/PATH/MAG1882.fasta
MAG1883.0	/PATH/MAG1883.fasta
MAG1884.0	/PATH/MAG1884.fasta
MAG1885.0	/PATH/MAG1885.fasta
MAG1886.0	/PATH/MAG1886.fasta
MAG1887.0	/PATH/MAG1887.fasta
MAG1888.0	/PATH/MAG1888.fasta
MAG1889.0	/PATH/MAG1889.fasta
MAG1890.0	/PATH/MAG1890.fasta
MAG1891.0	/PATH/MAG1891.fasta
MAG1892.0	/PATH/MAG1892.fasta
MAG1893.0	/PATH/MAG1893.fasta
MAG1894.0	/PATH/MAG1894.fasta
MAG1895.0	/PATH/MAG1895.fasta
MAG1896.0	/PATH/MAG1896.fasta
MAG1897.0	/PATH/MAG1897.fasta
MAG1898.0	/PATH/MAG1898.fasta
MAG1899.0	/PATH/MAG1899.fasta
MAG1900.0	/PATH/MAG1900.fasta
MAG1901.0	/PATH/MAG1901.fasta
MAG1902.0	/PATH/MAG1902.fasta
MAG1903.0	/PATH/MAG1903.fasta
MAG1904.0	/PATH/MAG1904.fasta
MAG1905.0	/PATH/MAG1905.fasta
MAG1906.0	/PATH/MAG1906.fasta
MAG1907.0	/PATH/MAG1907.fasta
MAG1908.0	/PATH/MAG1908.fasta
MAG1909.0	/PATH/MAG1909.fasta
MAG1910.0	/PATH/MAG1910.fasta
MAG1911.0	/PATH/MAG1911.fasta
MAG1912.0	/PATH/MAG1912.fasta
MAG1913.0	/PATH/MAG1913.fasta
MAG1914.0	/PATH/MAG1914.fasta
MAG1915.0	/PATH/MAG1915.fasta
MAG1916.0	/PATH/MAG1916.fasta
MAG1917.0	/PATH/MAG1917.fasta
MAG1918.0	/PATH/MAG1918.fasta
MAG1919.0	/PATH/MAG1919.fasta
MAG1920.0	/PATH/MAG1920.fasta
MAG1921.0	/PATH/MAG1921.fasta
MAG1922.0	/PATH/MAG1922.fasta
MAG1923.0	/PATH/MAG1923.fasta
MAG1924.0	/PATH/MAG1924.fasta
MAG1925.0	/PATH/MAG1925.fasta
MAG1926.0	/PATH/MAG1926.fasta
MAG1927.0	/PATH/MAG1927.fasta
MAG1928.0	/PATH/MAG1928.fasta
MAG1929.0	/PATH/MAG1929.fasta
MAG1930.0	/PATH/MAG1930.fasta
MAG1931.0	/PATH/MAG1931.fasta
MAG1932.0	/PATH/MAG1932.fasta
MAG1933.0	/PATH/MAG1933.fasta
MAG1934.0	/PATH/MAG1934.fasta
MAG1935.0	/PATH/MAG1935.fasta
MAG1936.0	/PATH/MAG1936.fasta
MAG1937.0	/PATH/MAG1937.fasta
MAG1938.0	/PATH/MAG1938.fasta
MAG1939.0	/PATH/MAG1939.fasta
MAG1940.0	/PATH/MAG1940.fasta
MAG1941.0	/PATH/MAG1941.fasta
