genome_ID	OTU	NCBI_ID	novelty_category
MAG0001.0	1	2	known_strain
MAG0002.0	2	2	known_strain
MAG0003.0	3	2	known_strain
MAG0004.0	4	2	known_strain
MAG0005.0	5	2	known_strain
MAG0006.0	6	2	known_strain
MAG0007.0	7	2	known_strain
MAG0008.0	8	2	known_strain
MAG0009.0	9	2	known_strain
MAG0010.0	10	2	known_strain
MAG0011.0	11	2	known_strain
MAG0012.0	12	2	known_strain
MAG0013.0	13	2	known_strain
MAG0014.0	14	2	known_strain
MAG0015.0	15	2	known_strain
MAG0016.0	16	2	known_strain
MAG0017.0	17	2	known_strain
MAG0018.0	18	2	known_strain
MAG0019.0	19	2	known_strain
MAG0020.0	20	2	known_strain
MAG0021.0	21	2	known_strain
MAG0022.0	22	2	known_strain
MAG0023.0	23	2	known_strain
MAG0024.0	24	2	known_strain
MAG0025.0	25	2	known_strain
MAG0026.0	26	2	known_strain
MAG0027.0	27	2	known_strain
MAG0028.0	28	2	known_strain
MAG0029.0	29	2	known_strain
MAG0030.0	30	2	known_strain
MAG0031.0	31	2	known_strain
MAG0032.0	32	2	known_strain
MAG0033.0	33	2	known_strain
MAG0034.0	34	2	known_strain
MAG0035.0	35	2	known_strain
MAG0036.0	36	2	known_strain
MAG0037.0	37	2	known_strain
MAG0038.0	38	2	known_strain
MAG0039.0	39	2	known_strain
MAG0040.0	40	2	known_strain
MAG0041.0	41	2	known_strain
MAG0042.0	42	2	known_strain
MAG0043.0	43	2	known_strain
MAG0044.0	44	2	known_strain
MAG0045.0	45	2	known_strain
MAG0046.0	46	2	known_strain
MAG0047.0	47	2	known_strain
MAG0048.0	48	2	known_strain
MAG0049.0	49	2	known_strain
MAG0050.0	50	2	known_strain
MAG0051.0	51	2	known_strain
MAG0052.0	52	2	known_strain
MAG0053.0	53	2	known_strain
MAG0054.0	54	2	known_strain
MAG0055.0	55	2	known_strain
MAG0056.0	56	2	known_strain
MAG0057.0	57	2	known_strain
MAG0058.0	58	2	known_strain
MAG0059.0	59	2	known_strain
MAG0060.0	60	2	known_strain
MAG0061.0	61	2	known_strain
MAG0062.0	62	2	known_strain
MAG0063.0	63	2	known_strain
MAG0064.0	64	2	known_strain
MAG0065.0	65	2	known_strain
MAG0066.0	66	2	known_strain
MAG0067.0	67	2	known_strain
MAG0068.0	68	2	known_strain
MAG0069.0	69	2	known_strain
MAG0070.0	70	2	known_strain
MAG0071.0	71	2	known_strain
MAG0072.0	72	2	known_strain
MAG0073.0	73	2	known_strain
MAG0074.0	74	2	known_strain
MAG0075.0	75	2	known_strain
MAG0076.0	76	2	known_strain
MAG0077.0	77	2	known_strain
MAG0078.0	78	2	known_strain
MAG0079.0	79	2	known_strain
MAG0080.0	80	2	known_strain
MAG0081.0	81	2	known_strain
MAG0082.0	82	2	known_strain
MAG0083.0	83	2	known_strain
MAG0084.0	84	2	known_strain
MAG0085.0	85	2	known_strain
MAG0086.0	86	2	known_strain
MAG0087.0	87	2	known_strain
MAG0088.0	88	2	known_strain
MAG0089.0	89	2	known_strain
MAG0090.0	90	2	known_strain
MAG0091.0	91	2	known_strain
MAG0092.0	92	2	known_strain
MAG0093.0	93	2	known_strain
MAG0094.0	94	2	known_strain
MAG0095.0	95	2	known_strain
MAG0096.0	96	2	known_strain
MAG0097.0	97	2	known_strain
MAG0098.0	98	2	known_strain
MAG0099.0	99	2	known_strain
MAG0100.0	100	2	known_strain
MAG0101.0	101	2	known_strain
MAG0102.0	102	2	known_strain
MAG0103.0	103	2	known_strain
MAG0104.0	104	2	known_strain
MAG0105.0	105	2	known_strain
MAG0106.0	106	2	known_strain
MAG0107.0	107	2	known_strain
MAG0108.0	108	2	known_strain
MAG0109.0	109	2	known_strain
MAG0110.0	110	2	known_strain
MAG0111.0	111	2	known_strain
MAG0112.0	112	2	known_strain
MAG0113.0	113	2	known_strain
MAG0114.0	114	2	known_strain
MAG0115.0	115	2	known_strain
MAG0116.0	116	2	known_strain
MAG0117.0	117	2	known_strain
MAG0118.0	118	2	known_strain
MAG0119.0	119	2	known_strain
MAG0120.0	120	2	known_strain
MAG0121.0	121	2	known_strain
MAG0122.0	122	2	known_strain
MAG0123.0	123	2	known_strain
MAG0124.0	124	2	known_strain
MAG0125.0	125	2	known_strain
MAG0126.0	126	2	known_strain
MAG0127.0	127	2	known_strain
MAG0128.0	128	2	known_strain
MAG0129.0	129	2	known_strain
MAG0130.0	130	2	known_strain
MAG0131.0	131	2	known_strain
MAG0132.0	132	2	known_strain
MAG0133.0	133	2	known_strain
MAG0134.0	134	2	known_strain
MAG0135.0	135	2	known_strain
MAG0136.0	136	2	known_strain
MAG0137.0	137	2	known_strain
MAG0138.0	138	2	known_strain
MAG0139.0	139	2	known_strain
MAG0140.0	140	2	known_strain
MAG0141.0	141	2	known_strain
MAG0142.0	142	2	known_strain
MAG0143.0	143	2	known_strain
MAG0144.0	144	2	known_strain
MAG0145.0	145	2	known_strain
MAG0146.0	146	2	known_strain
MAG0147.0	147	2	known_strain
MAG0148.0	148	2	known_strain
MAG0149.0	149	2	known_strain
MAG0150.0	150	2	known_strain
MAG0151.0	151	2	known_strain
MAG0152.0	152	2	known_strain
MAG0153.0	153	2	known_strain
MAG0154.0	154	2	known_strain
MAG0155.0	155	2	known_strain
MAG0156.0	156	2	known_strain
MAG0157.0	157	2	known_strain
MAG0158.0	158	2	known_strain
MAG0159.0	159	2	known_strain
MAG0160.0	160	2	known_strain
MAG0161.0	161	2	known_strain
MAG0162.0	162	2	known_strain
MAG0163.0	163	2	known_strain
MAG0164.0	164	2	known_strain
MAG0165.0	165	2	known_strain
MAG0166.0	166	2	known_strain
MAG0167.0	167	2	known_strain
MAG0168.0	168	2	known_strain
MAG0169.0	169	2	known_strain
MAG0170.0	170	2	known_strain
MAG0171.0	171	2	known_strain
MAG0172.0	172	2	known_strain
MAG0173.0	173	2	known_strain
MAG0174.0	174	2	known_strain
MAG0175.0	175	2	known_strain
MAG0176.0	176	2	known_strain
MAG0177.0	177	2	known_strain
MAG0178.0	178	2	known_strain
MAG0179.0	179	2	known_strain
MAG0180.0	180	2	known_strain
MAG0181.0	181	2	known_strain
MAG0182.0	182	2	known_strain
MAG0183.0	183	2	known_strain
MAG0184.0	184	2	known_strain
MAG0185.0	185	2	known_strain
MAG0186.0	186	2	known_strain
MAG0187.0	187	2	known_strain
MAG0188.0	188	2	known_strain
MAG0189.0	189	2	known_strain
MAG0190.0	190	2	known_strain
MAG0191.0	191	2	known_strain
MAG0192.0	192	2	known_strain
MAG0193.0	193	2	known_strain
MAG0194.0	194	2	known_strain
MAG0195.0	195	2	known_strain
MAG0196.0	196	2	known_strain
MAG0197.0	197	2	known_strain
MAG0198.0	198	2	known_strain
MAG0199.0	199	2	known_strain
MAG0200.0	200	2	known_strain
MAG0201.0	201	2	known_strain
MAG0202.0	202	2	known_strain
MAG0203.0	203	2	known_strain
MAG0204.0	204	2	known_strain
MAG0205.0	205	2	known_strain
MAG0206.0	206	2	known_strain
MAG0207.0	207	2	known_strain
MAG0208.0	208	2	known_strain
MAG0209.0	209	2	known_strain
MAG0210.0	210	2	known_strain
MAG0211.0	211	2	known_strain
MAG0212.0	212	2	known_strain
MAG0213.0	213	2	known_strain
MAG0214.0	214	2	known_strain
MAG0215.0	215	2	known_strain
MAG0216.0	216	2	known_strain
MAG0217.0	217	2	known_strain
MAG0218.0	218	2	known_strain
MAG0219.0	219	2	known_strain
MAG0220.0	220	2	known_strain
MAG0221.0	221	2	known_strain
MAG0222.0	222	2	known_strain
MAG0223.0	223	2	known_strain
MAG0224.0	224	2	known_strain
MAG0225.0	225	2	known_strain
MAG0226.0	226	2	known_strain
MAG0227.0	227	2	known_strain
MAG0228.0	228	2	known_strain
MAG0229.0	229	2	known_strain
MAG0230.0	230	2	known_strain
MAG0231.0	231	2	known_strain
MAG0232.0	232	2	known_strain
MAG0233.0	233	2	known_strain
MAG0234.0	234	2	known_strain
MAG0235.0	235	2	known_strain
MAG0236.0	236	2	known_strain
MAG0237.0	237	2	known_strain
MAG0238.0	238	2	known_strain
MAG0239.0	239	2	known_strain
MAG0240.0	240	2	known_strain
MAG0241.0	241	2	known_strain
MAG0242.0	242	2	known_strain
MAG0243.0	243	2	known_strain
MAG0244.0	244	2	known_strain
MAG0245.0	245	2	known_strain
MAG0246.0	246	2	known_strain
MAG0247.0	247	2	known_strain
MAG0248.0	248	2	known_strain
MAG0249.0	249	2	known_strain
MAG0250.0	250	2	known_strain
MAG0251.0	251	2	known_strain
MAG0252.0	252	2	known_strain
MAG0253.0	253	2	known_strain
MAG0254.0	254	2	known_strain
MAG0255.0	255	2	known_strain
MAG0256.0	256	2	known_strain
MAG0257.0	257	2	known_strain
MAG0258.0	258	2	known_strain
MAG0259.0	259	2	known_strain
MAG0260.0	260	2	known_strain
MAG0261.0	261	2	known_strain
MAG0262.0	262	2	known_strain
MAG0263.0	263	2	known_strain
MAG0264.0	264	2	known_strain
MAG0265.0	265	2	known_strain
MAG0266.0	266	2	known_strain
MAG0267.0	267	2	known_strain
MAG0268.0	268	2	known_strain
MAG0269.0	269	2	known_strain
MAG0270.0	270	2	known_strain
MAG0271.0	271	2	known_strain
MAG0272.0	272	2	known_strain
MAG0273.0	273	2	known_strain
MAG0274.0	274	2	known_strain
MAG0275.0	275	2	known_strain
MAG0276.0	276	2	known_strain
MAG0277.0	277	2	known_strain
MAG0278.0	278	2	known_strain
MAG0279.0	279	2	known_strain
MAG0280.0	280	2	known_strain
MAG0281.0	281	2	known_strain
MAG0282.0	282	2	known_strain
MAG0283.0	283	2	known_strain
MAG0284.0	284	2	known_strain
MAG0285.0	285	2	known_strain
MAG0286.0	286	2	known_strain
MAG0287.0	287	2	known_strain
MAG0288.0	288	2	known_strain
MAG0289.0	289	2	known_strain
MAG0290.0	290	2	known_strain
MAG0291.0	291	2	known_strain
MAG0292.0	292	2	known_strain
MAG0293.0	293	2	known_strain
MAG0294.0	294	2	known_strain
MAG0295.0	295	2	known_strain
MAG0296.0	296	2	known_strain
MAG0297.0	297	2	known_strain
MAG0298.0	298	2	known_strain
MAG0299.0	299	2	known_strain
MAG0300.0	300	2	known_strain
MAG0301.0	301	2	known_strain
MAG0302.0	302	2	known_strain
MAG0303.0	303	2	known_strain
MAG0304.0	304	2	known_strain
MAG0305.0	305	2	known_strain
MAG0306.0	306	2	known_strain
MAG0307.0	307	2	known_strain
MAG0308.0	308	2	known_strain
MAG0309.0	309	2	known_strain
MAG0310.0	310	2	known_strain
MAG0311.0	311	2	known_strain
MAG0312.0	312	2	known_strain
MAG0313.0	313	2	known_strain
MAG0314.0	314	2	known_strain
MAG0315.0	315	2	known_strain
MAG0316.0	316	2	known_strain
MAG0317.0	317	2	known_strain
MAG0318.0	318	2	known_strain
MAG0319.0	319	2	known_strain
MAG0320.0	320	2	known_strain
MAG0321.0	321	2	known_strain
MAG0322.0	322	2	known_strain
MAG0323.0	323	2	known_strain
MAG0324.0	324	2	known_strain
MAG0325.0	325	2	known_strain
MAG0326.0	326	2	known_strain
MAG0327.0	327	2	known_strain
MAG0328.0	328	2	known_strain
MAG0329.0	329	2	known_strain
MAG0330.0	330	2	known_strain
MAG0331.0	331	2	known_strain
MAG0332.0	332	2	known_strain
MAG0333.0	333	2	known_strain
MAG0334.0	334	2	known_strain
MAG0335.0	335	2	known_strain
MAG0336.0	336	2	known_strain
MAG0337.0	337	2	known_strain
MAG0338.0	338	2	known_strain
MAG0339.0	339	2	known_strain
MAG0340.0	340	2	known_strain
MAG0341.0	341	2	known_strain
MAG0342.0	342	2	known_strain
MAG0343.0	343	2	known_strain
MAG0344.0	344	2	known_strain
MAG0345.0	345	2	known_strain
MAG0346.0	346	2	known_strain
MAG0347.0	347	2	known_strain
MAG0348.0	348	2	known_strain
MAG0349.0	349	2	known_strain
MAG0350.0	350	2	known_strain
MAG0351.0	351	2	known_strain
MAG0352.0	352	2	known_strain
MAG0353.0	353	2	known_strain
MAG0354.0	354	2	known_strain
MAG0355.0	355	2	known_strain
MAG0356.0	356	2	known_strain
MAG0357.0	357	2	known_strain
MAG0358.0	358	2	known_strain
MAG0359.0	359	2	known_strain
MAG0360.0	360	2	known_strain
MAG0361.0	361	2	known_strain
MAG0362.0	362	2	known_strain
MAG0363.0	363	2	known_strain
MAG0364.0	364	2	known_strain
MAG0365.0	365	2	known_strain
MAG0366.0	366	2	known_strain
MAG0367.0	367	2	known_strain
MAG0368.0	368	2	known_strain
MAG0369.0	369	2	known_strain
MAG0370.0	370	2	known_strain
MAG0371.0	371	2	known_strain
MAG0372.0	372	2	known_strain
MAG0373.0	373	2	known_strain
MAG0374.0	374	2	known_strain
MAG0375.0	375	2	known_strain
MAG0376.0	376	2	known_strain
MAG0377.0	377	2	known_strain
MAG0378.0	378	2	known_strain
MAG0379.0	379	2	known_strain
MAG0380.0	380	2	known_strain
MAG0381.0	381	2	known_strain
MAG0382.0	382	2	known_strain
MAG0383.0	383	2	known_strain
MAG0384.0	384	2	known_strain
MAG0385.0	385	2	known_strain
MAG0386.0	386	2	known_strain
MAG0387.0	387	2	known_strain
MAG0388.0	388	2	known_strain
MAG0389.0	389	2	known_strain
MAG0390.0	390	2	known_strain
MAG0391.0	391	2	known_strain
MAG0392.0	392	2	known_strain
MAG0393.0	393	2	known_strain
MAG0394.0	394	2	known_strain
MAG0395.0	395	2	known_strain
MAG0396.0	396	2	known_strain
MAG0397.0	397	2	known_strain
MAG0398.0	398	2	known_strain
MAG0399.0	399	2	known_strain
MAG0400.0	400	2	known_strain
MAG0401.0	401	2	known_strain
MAG0402.0	402	2	known_strain
MAG0403.0	403	2	known_strain
MAG0404.0	404	2	known_strain
MAG0405.0	405	2	known_strain
MAG0406.0	406	2	known_strain
MAG0407.0	407	2	known_strain
MAG0408.0	408	2	known_strain
MAG0409.0	409	2	known_strain
MAG0410.0	410	2	known_strain
MAG0411.0	411	2	known_strain
MAG0412.0	412	2	known_strain
MAG0413.0	413	2	known_strain
MAG0414.0	414	2	known_strain
MAG0415.0	415	2	known_strain
MAG0416.0	416	2	known_strain
MAG0417.0	417	2	known_strain
MAG0418.0	418	2	known_strain
MAG0419.0	419	2	known_strain
MAG0420.0	420	2	known_strain
MAG0421.0	421	2	known_strain
MAG0422.0	422	2	known_strain
MAG0423.0	423	2	known_strain
MAG0424.0	424	2	known_strain
MAG0425.0	425	2	known_strain
MAG0426.0	426	2	known_strain
MAG0427.0	427	2	known_strain
MAG0428.0	428	2	known_strain
MAG0429.0	429	2	known_strain
MAG0430.0	430	2	known_strain
MAG0431.0	431	2	known_strain
MAG0432.0	432	2	known_strain
MAG0433.0	433	2	known_strain
MAG0434.0	434	2	known_strain
MAG0435.0	435	2	known_strain
MAG0436.0	436	2	known_strain
MAG0437.0	437	2	known_strain
MAG0438.0	438	2	known_strain
MAG0439.0	439	2	known_strain
MAG0440.0	440	2	known_strain
MAG0441.0	441	2	known_strain
MAG0442.0	442	2	known_strain
MAG0443.0	443	2	known_strain
MAG0444.0	444	2	known_strain
MAG0445.0	445	2	known_strain
MAG0446.0	446	2	known_strain
MAG0447.0	447	2	known_strain
MAG0448.0	448	2	known_strain
MAG0449.0	449	2	known_strain
MAG0450.0	450	2	known_strain
MAG0451.0	451	2	known_strain
MAG0452.0	452	2	known_strain
MAG0453.0	453	2	known_strain
MAG0454.0	454	2	known_strain
MAG0455.0	455	2	known_strain
MAG0456.0	456	2	known_strain
MAG0457.0	457	2	known_strain
MAG0458.0	458	2	known_strain
MAG0459.0	459	2	known_strain
MAG0460.0	460	2	known_strain
MAG0461.0	461	2	known_strain
MAG0462.0	462	2	known_strain
MAG0463.0	463	2	known_strain
MAG0464.0	464	2	known_strain
MAG0465.0	465	2	known_strain
MAG0466.0	466	2	known_strain
MAG0467.0	467	2	known_strain
MAG0468.0	468	2	known_strain
MAG0469.0	469	2	known_strain
MAG0470.0	470	2	known_strain
MAG0471.0	471	2	known_strain
MAG0472.0	472	2	known_strain
MAG0473.0	473	2	known_strain
MAG0474.0	474	2	known_strain
MAG0475.0	475	2	known_strain
MAG0476.0	476	2	known_strain
MAG0477.0	477	2	known_strain
MAG0478.0	478	2	known_strain
MAG0479.0	479	2	known_strain
MAG0480.0	480	2	known_strain
MAG0481.0	481	2	known_strain
MAG0482.0	482	2	known_strain
MAG0483.0	483	2	known_strain
MAG0484.0	484	2	known_strain
MAG0485.0	485	2	known_strain
MAG0486.0	486	2	known_strain
MAG0487.0	487	2	known_strain
MAG0488.0	488	2	known_strain
MAG0489.0	489	2	known_strain
MAG0490.0	490	2	known_strain
MAG0491.0	491	2	known_strain
MAG0492.0	492	2	known_strain
MAG0493.0	493	2	known_strain
MAG0494.0	494	2	known_strain
MAG0495.0	495	2	known_strain
MAG0496.0	496	2	known_strain
MAG0497.0	497	2	known_strain
MAG0498.0	498	2	known_strain
MAG0499.0	499	2	known_strain
MAG0500.0	500	2	known_strain
MAG0501.0	501	2	known_strain
MAG0502.0	502	2	known_strain
MAG0503.0	503	2	known_strain
MAG0504.0	504	2	known_strain
MAG0505.0	505	2	known_strain
MAG0506.0	506	2	known_strain
MAG0507.0	507	2	known_strain
MAG0508.0	508	2	known_strain
MAG0509.0	509	2	known_strain
MAG0510.0	510	2	known_strain
MAG0511.0	511	2	known_strain
MAG0512.0	512	2	known_strain
MAG0513.0	513	2	known_strain
MAG0514.0	514	2	known_strain
MAG0515.0	515	2	known_strain
MAG0516.0	516	2	known_strain
MAG0517.0	517	2	known_strain
MAG0518.0	518	2	known_strain
MAG0519.0	519	2	known_strain
MAG0520.0	520	2	known_strain
MAG0521.0	521	2	known_strain
MAG0522.0	522	2	known_strain
MAG0523.0	523	2	known_strain
MAG0524.0	524	2	known_strain
MAG0525.0	525	2	known_strain
MAG0526.0	526	2	known_strain
MAG0527.0	527	2	known_strain
MAG0528.0	528	2	known_strain
MAG0529.0	529	2	known_strain
MAG0530.0	530	2	known_strain
MAG0531.0	531	2	known_strain
MAG0532.0	532	2	known_strain
MAG0533.0	533	2	known_strain
MAG0534.0	534	2	known_strain
MAG0535.0	535	2	known_strain
MAG0536.0	536	2	known_strain
MAG0537.0	537	2	known_strain
MAG0538.0	538	2	known_strain
MAG0539.0	539	2	known_strain
MAG0540.0	540	2	known_strain
MAG0541.0	541	2	known_strain
MAG0542.0	542	2	known_strain
MAG0543.0	543	2	known_strain
MAG0544.0	544	2	known_strain
MAG0545.0	545	2	known_strain
MAG0546.0	546	2	known_strain
MAG0547.0	547	2	known_strain
MAG0548.0	548	2	known_strain
MAG0549.0	549	2	known_strain
MAG0550.0	550	2	known_strain
MAG0551.0	551	2	known_strain
MAG0552.0	552	2	known_strain
MAG0553.0	553	2	known_strain
MAG0554.0	554	2	known_strain
MAG0555.0	555	2	known_strain
MAG0556.0	556	2	known_strain
MAG0557.0	557	2	known_strain
MAG0558.0	558	2	known_strain
MAG0559.0	559	2	known_strain
MAG0560.0	560	2	known_strain
MAG0561.0	561	2	known_strain
MAG0562.0	562	2	known_strain
MAG0563.0	563	2	known_strain
MAG0564.0	564	2	known_strain
MAG0565.0	565	2	known_strain
MAG0566.0	566	2	known_strain
MAG0567.0	567	2	known_strain
MAG0568.0	568	2	known_strain
MAG0569.0	569	2	known_strain
MAG0570.0	570	2	known_strain
MAG0571.0	571	2	known_strain
MAG0572.0	572	2	known_strain
MAG0573.0	573	2	known_strain
MAG0574.0	574	2	known_strain
MAG0575.0	575	2	known_strain
MAG0576.0	576	2	known_strain
MAG0577.0	577	2	known_strain
MAG0578.0	578	2	known_strain
MAG0579.0	579	2	known_strain
MAG0580.0	580	2	known_strain
MAG0581.0	581	2	known_strain
MAG0582.0	582	2	known_strain
MAG0583.0	583	2	known_strain
MAG0584.0	584	2	known_strain
MAG0585.0	585	2	known_strain
MAG0586.0	586	2	known_strain
MAG0587.0	587	2	known_strain
MAG0588.0	588	2	known_strain
MAG0589.0	589	2	known_strain
MAG0590.0	590	2	known_strain
MAG0591.0	591	2	known_strain
MAG0592.0	592	2	known_strain
MAG0593.0	593	2	known_strain
MAG0594.0	594	2	known_strain
MAG0595.0	595	2	known_strain
MAG0596.0	596	2	known_strain
MAG0597.0	597	2	known_strain
MAG0598.0	598	2	known_strain
MAG0599.0	599	2	known_strain
MAG0600.0	600	2	known_strain
MAG0601.0	601	2	known_strain
MAG0602.0	602	2	known_strain
MAG0603.0	603	2	known_strain
MAG0604.0	604	2	known_strain
MAG0605.0	605	2	known_strain
MAG0606.0	606	2	known_strain
MAG0607.0	607	2	known_strain
MAG0608.0	608	2	known_strain
MAG0609.0	609	2	known_strain
MAG0610.0	610	2	known_strain
MAG0611.0	611	2	known_strain
MAG0612.0	612	2	known_strain
MAG0613.0	613	2	known_strain
MAG0614.0	614	2	known_strain
MAG0615.0	615	2	known_strain
MAG0616.0	616	2	known_strain
MAG0617.0	617	2	known_strain
MAG0618.0	618	2	known_strain
MAG0619.0	619	2	known_strain
MAG0620.0	620	2	known_strain
MAG0621.0	621	2	known_strain
MAG0622.0	622	2	known_strain
MAG0623.0	623	2	known_strain
MAG0624.0	624	2	known_strain
MAG0625.0	625	2	known_strain
MAG0626.0	626	2	known_strain
MAG0627.0	627	2	known_strain
MAG0628.0	628	2	known_strain
MAG0629.0	629	2	known_strain
MAG0630.0	630	2	known_strain
MAG0631.0	631	2	known_strain
MAG0632.0	632	2	known_strain
MAG0633.0	633	2	known_strain
MAG0634.0	634	2	known_strain
MAG0635.0	635	2	known_strain
MAG0636.0	636	2	known_strain
MAG0637.0	637	2	known_strain
MAG0638.0	638	2	known_strain
MAG0639.0	639	2	known_strain
MAG0640.0	640	2	known_strain
MAG0641.0	641	2	known_strain
MAG0642.0	642	2	known_strain
MAG0643.0	643	2	known_strain
MAG0644.0	644	2	known_strain
MAG0645.0	645	2	known_strain
MAG0646.0	646	2	known_strain
MAG0647.0	647	2	known_strain
MAG0648.0	648	2	known_strain
MAG0649.0	649	2	known_strain
MAG0650.0	650	2	known_strain
MAG0651.0	651	2	known_strain
MAG0652.0	652	2	known_strain
MAG0653.0	653	2	known_strain
MAG0654.0	654	2	known_strain
MAG0655.0	655	2	known_strain
MAG0656.0	656	2	known_strain
MAG0657.0	657	2	known_strain
MAG0658.0	658	2	known_strain
MAG0659.0	659	2	known_strain
MAG0660.0	660	2	known_strain
MAG0661.0	661	2	known_strain
MAG0662.0	662	2	known_strain
MAG0663.0	663	2	known_strain
MAG0664.0	664	2	known_strain
MAG0665.0	665	2	known_strain
MAG0666.0	666	2	known_strain
MAG0667.0	667	2	known_strain
MAG0668.0	668	2	known_strain
MAG0669.0	669	2	known_strain
MAG0670.0	670	2	known_strain
MAG0671.0	671	2	known_strain
MAG0672.0	672	2	known_strain
MAG0673.0	673	2	known_strain
MAG0674.0	674	2	known_strain
MAG0675.0	675	2	known_strain
MAG0676.0	676	2	known_strain
MAG0677.0	677	2	known_strain
MAG0678.0	678	2	known_strain
MAG0679.0	679	2	known_strain
MAG0680.0	680	2	known_strain
MAG0681.0	681	2	known_strain
MAG0682.0	682	2	known_strain
MAG0683.0	683	2	known_strain
MAG0684.0	684	2	known_strain
MAG0685.0	685	2	known_strain
MAG0686.0	686	2	known_strain
MAG0687.0	687	2	known_strain
MAG0688.0	688	2	known_strain
MAG0689.0	689	2	known_strain
MAG0690.0	690	2	known_strain
MAG0691.0	691	2	known_strain
MAG0692.0	692	2	known_strain
MAG0693.0	693	2	known_strain
MAG0694.0	694	2	known_strain
MAG0695.0	695	2	known_strain
MAG0696.0	696	2	known_strain
MAG0697.0	697	2	known_strain
MAG0698.0	698	2	known_strain
MAG0699.0	699	2	known_strain
MAG0700.0	700	2	known_strain
MAG0701.0	701	2	known_strain
MAG0702.0	702	2	known_strain
MAG0703.0	703	2	known_strain
MAG0704.0	704	2	known_strain
MAG0705.0	705	2	known_strain
MAG0706.0	706	2	known_strain
MAG0707.0	707	2	known_strain
MAG0708.0	708	2	known_strain
MAG0709.0	709	2	known_strain
MAG0710.0	710	2	known_strain
MAG0711.0	711	2	known_strain
MAG0712.0	712	2	known_strain
MAG0713.0	713	2	known_strain
MAG0714.0	714	2	known_strain
MAG0715.0	715	2	known_strain
MAG0716.0	716	2	known_strain
MAG0717.0	717	2	known_strain
MAG0718.0	718	2	known_strain
MAG0719.0	719	2	known_strain
MAG0720.0	720	2	known_strain
MAG0721.0	721	2	known_strain
MAG0722.0	722	2	known_strain
MAG0723.0	723	2	known_strain
MAG0724.0	724	2	known_strain
MAG0725.0	725	2	known_strain
MAG0726.0	726	2	known_strain
MAG0727.0	727	2	known_strain
MAG0728.0	728	2	known_strain
MAG0729.0	729	2	known_strain
MAG0730.0	730	2	known_strain
MAG0731.0	731	2	known_strain
MAG0732.0	732	2	known_strain
MAG0733.0	733	2	known_strain
MAG0734.0	734	2	known_strain
MAG0735.0	735	2	known_strain
MAG0736.0	736	2	known_strain
MAG0737.0	737	2	known_strain
MAG0738.0	738	2	known_strain
MAG0739.0	739	2	known_strain
MAG0740.0	740	2	known_strain
MAG0741.0	741	2	known_strain
MAG0742.0	742	2	known_strain
MAG0743.0	743	2	known_strain
MAG0744.0	744	2	known_strain
MAG0745.0	745	2	known_strain
MAG0746.0	746	2	known_strain
MAG0747.0	747	2	known_strain
MAG0748.0	748	2	known_strain
MAG0749.0	749	2	known_strain
MAG0750.0	750	2	known_strain
MAG0751.0	751	2	known_strain
MAG0752.0	752	2	known_strain
MAG0753.0	753	2	known_strain
MAG0754.0	754	2	known_strain
MAG0755.0	755	2	known_strain
MAG0756.0	756	2	known_strain
MAG0757.0	757	2	known_strain
MAG0758.0	758	2	known_strain
MAG0759.0	759	2	known_strain
MAG0760.0	760	2	known_strain
MAG0761.0	761	2	known_strain
MAG0762.0	762	2	known_strain
MAG0763.0	763	2	known_strain
MAG0764.0	764	2	known_strain
MAG0765.0	765	2	known_strain
MAG0766.0	766	2	known_strain
MAG0767.0	767	2	known_strain
MAG0768.0	768	2	known_strain
MAG0769.0	769	2	known_strain
MAG0770.0	770	2	known_strain
MAG0771.0	771	2	known_strain
MAG0772.0	772	2	known_strain
MAG0773.0	773	2	known_strain
MAG0774.0	774	2	known_strain
MAG0775.0	775	2	known_strain
MAG0776.0	776	2	known_strain
MAG0777.0	777	2	known_strain
MAG0778.0	778	2	known_strain
MAG0779.0	779	2	known_strain
MAG0780.0	780	2	known_strain
MAG0781.0	781	2	known_strain
MAG0782.0	782	2	known_strain
MAG0783.0	783	2	known_strain
MAG0784.0	784	2	known_strain
MAG0785.0	785	2	known_strain
MAG0786.0	786	2	known_strain
MAG0787.0	787	2	known_strain
MAG0788.0	788	2	known_strain
MAG0789.0	789	2	known_strain
MAG0790.0	790	2	known_strain
MAG0791.0	791	2	known_strain
MAG0792.0	792	2	known_strain
MAG0793.0	793	2	known_strain
MAG0794.0	794	2	known_strain
MAG0795.0	795	2	known_strain
MAG0796.0	796	2	known_strain
MAG0797.0	797	2	known_strain
MAG0798.0	798	2	known_strain
MAG0799.0	799	2	known_strain
MAG0800.0	800	2	known_strain
MAG0801.0	801	2	known_strain
MAG0802.0	802	2	known_strain
MAG0803.0	803	2	known_strain
MAG0804.0	804	2	known_strain
MAG0805.0	805	2	known_strain
MAG0806.0	806	2	known_strain
MAG0807.0	807	2	known_strain
MAG0808.0	808	2	known_strain
MAG0809.0	809	2	known_strain
MAG0810.0	810	2	known_strain
MAG0811.0	811	2	known_strain
MAG0812.0	812	2	known_strain
MAG0813.0	813	2	known_strain
MAG0814.0	814	2	known_strain
MAG0815.0	815	2	known_strain
MAG0816.0	816	2	known_strain
MAG0817.0	817	2	known_strain
MAG0818.0	818	2	known_strain
MAG0819.0	819	2	known_strain
MAG0820.0	820	2	known_strain
MAG0821.0	821	2	known_strain
MAG0822.0	822	2	known_strain
MAG0823.0	823	2	known_strain
MAG0824.0	824	2	known_strain
MAG0825.0	825	2	known_strain
MAG0826.0	826	2	known_strain
MAG0827.0	827	2	known_strain
MAG0828.0	828	2	known_strain
MAG0829.0	829	2	known_strain
MAG0830.0	830	2	known_strain
MAG0831.0	831	2	known_strain
MAG0832.0	832	2	known_strain
MAG0833.0	833	2	known_strain
MAG0834.0	834	2	known_strain
MAG0835.0	835	2	known_strain
MAG0836.0	836	2	known_strain
MAG0837.0	837	2	known_strain
MAG0838.0	838	2	known_strain
MAG0839.0	839	2	known_strain
MAG0840.0	840	2	known_strain
MAG0841.0	841	2	known_strain
MAG0842.0	842	2	known_strain
MAG0843.0	843	2	known_strain
MAG0844.0	844	2	known_strain
MAG0845.0	845	2	known_strain
MAG0846.0	846	2	known_strain
MAG0847.0	847	2	known_strain
MAG0848.0	848	2	known_strain
MAG0849.0	849	2	known_strain
MAG0850.0	850	2	known_strain
MAG0851.0	851	2	known_strain
MAG0852.0	852	2	known_strain
MAG0853.0	853	2	known_strain
MAG0854.0	854	2	known_strain
MAG0855.0	855	2	known_strain
MAG0856.0	856	2	known_strain
MAG0857.0	857	2	known_strain
MAG0858.0	858	2	known_strain
MAG0859.0	859	2	known_strain
MAG0860.0	860	2	known_strain
MAG0861.0	861	2	known_strain
MAG0862.0	862	2	known_strain
MAG0863.0	863	2	known_strain
MAG0864.0	864	2	known_strain
MAG0865.0	865	2	known_strain
MAG0866.0	866	2	known_strain
MAG0867.0	867	2	known_strain
MAG0868.0	868	2	known_strain
MAG0869.0	869	2	known_strain
MAG0870.0	870	2	known_strain
MAG0871.0	871	2	known_strain
MAG0872.0	872	2	known_strain
MAG0873.0	873	2	known_strain
MAG0874.0	874	2	known_strain
MAG0875.0	875	2	known_strain
MAG0876.0	876	2	known_strain
MAG0877.0	877	2	known_strain
MAG0878.0	878	2	known_strain
MAG0879.0	879	2	known_strain
MAG0880.0	880	2	known_strain
MAG0881.0	881	2	known_strain
MAG0882.0	882	2	known_strain
MAG0883.0	883	2	known_strain
MAG0884.0	884	2	known_strain
MAG0885.0	885	2	known_strain
MAG0886.0	886	2	known_strain
MAG0887.0	887	2	known_strain
MAG0888.0	888	2	known_strain
MAG0889.0	889	2	known_strain
MAG0890.0	890	2	known_strain
MAG0891.0	891	2	known_strain
MAG0892.0	892	2	known_strain
MAG0893.0	893	2	known_strain
MAG0894.0	894	2	known_strain
MAG0895.0	895	2	known_strain
MAG0896.0	896	2	known_strain
MAG0897.0	897	2	known_strain
MAG0898.0	898	2	known_strain
MAG0899.0	899	2	known_strain
MAG0900.0	900	2	known_strain
MAG0901.0	901	2	known_strain
MAG0902.0	902	2	known_strain
MAG0903.0	903	2	known_strain
MAG0904.0	904	2	known_strain
MAG0905.0	905	2	known_strain
MAG0906.0	906	2	known_strain
MAG0907.0	907	2	known_strain
MAG0908.0	908	2	known_strain
MAG0909.0	909	2	known_strain
MAG0910.0	910	2	known_strain
MAG0911.0	911	2	known_strain
MAG0912.0	912	2	known_strain
MAG0913.0	913	2	known_strain
MAG0914.0	914	2	known_strain
MAG0915.0	915	2	known_strain
MAG0916.0	916	2	known_strain
MAG0917.0	917	2	known_strain
MAG0918.0	918	2	known_strain
MAG0919.0	919	2	known_strain
MAG0920.0	920	2	known_strain
MAG0921.0	921	2	known_strain
MAG0922.0	922	2	known_strain
MAG0923.0	923	2	known_strain
MAG0924.0	924	2	known_strain
MAG0925.0	925	2	known_strain
MAG0926.0	926	2	known_strain
MAG0927.0	927	2	known_strain
MAG0928.0	928	2	known_strain
MAG0929.0	929	2	known_strain
MAG0930.0	930	2	known_strain
MAG0931.0	931	2	known_strain
MAG0932.0	932	2	known_strain
MAG0933.0	933	2	known_strain
MAG0934.0	934	2	known_strain
MAG0935.0	935	2	known_strain
MAG0936.0	936	2	known_strain
MAG0937.0	937	2	known_strain
MAG0938.0	938	2	known_strain
MAG0939.0	939	2	known_strain
MAG0940.0	940	2	known_strain
MAG0941.0	941	2	known_strain
MAG0942.0	942	2	known_strain
MAG0943.0	943	2	known_strain
MAG0944.0	944	2	known_strain
MAG0945.0	945	2	known_strain
MAG0946.0	946	2	known_strain
MAG0947.0	947	2	known_strain
MAG0948.0	948	2	known_strain
MAG0949.0	949	2	known_strain
MAG0950.0	950	2	known_strain
MAG0951.0	951	2	known_strain
MAG0952.0	952	2	known_strain
MAG0953.0	953	2	known_strain
MAG0954.0	954	2	known_strain
MAG0955.0	955	2	known_strain
MAG0956.0	956	2	known_strain
MAG0957.0	957	2	known_strain
MAG0958.0	958	2	known_strain
MAG0959.0	959	2	known_strain
MAG0960.0	960	2	known_strain
MAG0961.0	961	2	known_strain
MAG0962.0	962	2	known_strain
MAG0963.0	963	2	known_strain
MAG0964.0	964	2	known_strain
MAG0965.0	965	2	known_strain
MAG0966.0	966	2	known_strain
MAG0967.0	967	2	known_strain
MAG0968.0	968	2	known_strain
MAG0969.0	969	2	known_strain
MAG0970.0	970	2	known_strain
MAG0971.0	971	2	known_strain
MAG0972.0	972	2	known_strain
MAG0973.0	973	2	known_strain
MAG0974.0	974	2	known_strain
MAG0975.0	975	2	known_strain
MAG0976.0	976	2	known_strain
MAG0977.0	977	2	known_strain
MAG0978.0	978	2	known_strain
MAG0979.0	979	2	known_strain
MAG0980.0	980	2	known_strain
MAG0981.0	981	2	known_strain
MAG0982.0	982	2	known_strain
MAG0983.0	983	2	known_strain
MAG0984.0	984	2	known_strain
MAG0985.0	985	2	known_strain
MAG0986.0	986	2	known_strain
MAG0987.0	987	2	known_strain
MAG0988.0	988	2	known_strain
MAG0989.0	989	2	known_strain
MAG0990.0	990	2	known_strain
MAG0991.0	991	2	known_strain
MAG0992.0	992	2	known_strain
MAG0993.0	993	2	known_strain
MAG0994.0	994	2	known_strain
MAG0995.0	995	2	known_strain
MAG0996.0	996	2	known_strain
MAG0997.0	997	2	known_strain
MAG0998.0	998	2	known_strain
MAG0999.0	999	2	known_strain
MAG1000.0	1000	2	known_strain
MAG1001.0	1001	2	known_strain
MAG1002.0	1002	2	known_strain
MAG1003.0	1003	2	known_strain
MAG1004.0	1004	2	known_strain
MAG1005.0	1005	2	known_strain
MAG1006.0	1006	2	known_strain
MAG1007.0	1007	2	known_strain
MAG1008.0	1008	2	known_strain
MAG1009.0	1009	2	known_strain
MAG1010.0	1010	2	known_strain
MAG1011.0	1011	2	known_strain
MAG1012.0	1012	2	known_strain
MAG1013.0	1013	2	known_strain
MAG1014.0	1014	2	known_strain
MAG1015.0	1015	2	known_strain
MAG1016.0	1016	2	known_strain
MAG1017.0	1017	2	known_strain
MAG1018.0	1018	2	known_strain
MAG1019.0	1019	2	known_strain
MAG1020.0	1020	2	known_strain
MAG1021.0	1021	2	known_strain
MAG1022.0	1022	2	known_strain
MAG1023.0	1023	2	known_strain
MAG1024.0	1024	2	known_strain
MAG1025.0	1025	2	known_strain
MAG1026.0	1026	2	known_strain
MAG1027.0	1027	2	known_strain
MAG1028.0	1028	2	known_strain
MAG1029.0	1029	2	known_strain
MAG1030.0	1030	2	known_strain
MAG1031.0	1031	2	known_strain
MAG1032.0	1032	2	known_strain
MAG1033.0	1033	2	known_strain
MAG1034.0	1034	2	known_strain
MAG1035.0	1035	2	known_strain
MAG1036.0	1036	2	known_strain
MAG1037.0	1037	2	known_strain
MAG1038.0	1038	2	known_strain
MAG1039.0	1039	2	known_strain
MAG1040.0	1040	2	known_strain
MAG1041.0	1041	2	known_strain
MAG1042.0	1042	2	known_strain
MAG1043.0	1043	2	known_strain
MAG1044.0	1044	2	known_strain
MAG1045.0	1045	2	known_strain
MAG1046.0	1046	2	known_strain
MAG1047.0	1047	2	known_strain
MAG1048.0	1048	2	known_strain
MAG1049.0	1049	2	known_strain
MAG1050.0	1050	2	known_strain
MAG1051.0	1051	2	known_strain
MAG1052.0	1052	2	known_strain
MAG1053.0	1053	2	known_strain
MAG1054.0	1054	2	known_strain
MAG1055.0	1055	2	known_strain
MAG1056.0	1056	2	known_strain
MAG1057.0	1057	2	known_strain
MAG1058.0	1058	2	known_strain
MAG1059.0	1059	2	known_strain
MAG1060.0	1060	2	known_strain
MAG1061.0	1061	2	known_strain
MAG1062.0	1062	2	known_strain
MAG1063.0	1063	2	known_strain
MAG1064.0	1064	2	known_strain
MAG1065.0	1065	2	known_strain
MAG1066.0	1066	2	known_strain
MAG1067.0	1067	2	known_strain
MAG1068.0	1068	2	known_strain
MAG1069.0	1069	2	known_strain
MAG1070.0	1070	2	known_strain
MAG1071.0	1071	2	known_strain
MAG1072.0	1072	2	known_strain
MAG1073.0	1073	2	known_strain
MAG1074.0	1074	2	known_strain
MAG1075.0	1075	2	known_strain
MAG1076.0	1076	2	known_strain
MAG1077.0	1077	2	known_strain
MAG1078.0	1078	2	known_strain
MAG1079.0	1079	2	known_strain
MAG1080.0	1080	2	known_strain
MAG1081.0	1081	2	known_strain
MAG1082.0	1082	2	known_strain
MAG1083.0	1083	2	known_strain
MAG1084.0	1084	2	known_strain
MAG1085.0	1085	2	known_strain
MAG1086.0	1086	2	known_strain
MAG1087.0	1087	2	known_strain
MAG1088.0	1088	2	known_strain
MAG1089.0	1089	2	known_strain
MAG1090.0	1090	2	known_strain
MAG1091.0	1091	2	known_strain
MAG1092.0	1092	2	known_strain
MAG1093.0	1093	2	known_strain
MAG1094.0	1094	2	known_strain
MAG1095.0	1095	2	known_strain
MAG1096.0	1096	2	known_strain
MAG1097.0	1097	2	known_strain
MAG1098.0	1098	2	known_strain
MAG1099.0	1099	2	known_strain
MAG1100.0	1100	2	known_strain
MAG1101.0	1101	2	known_strain
MAG1102.0	1102	2	known_strain
MAG1103.0	1103	2	known_strain
MAG1104.0	1104	2	known_strain
MAG1105.0	1105	2	known_strain
MAG1106.0	1106	2	known_strain
MAG1107.0	1107	2	known_strain
MAG1108.0	1108	2	known_strain
MAG1109.0	1109	2	known_strain
MAG1110.0	1110	2	known_strain
MAG1111.0	1111	2	known_strain
MAG1112.0	1112	2	known_strain
MAG1113.0	1113	2	known_strain
MAG1114.0	1114	2	known_strain
MAG1115.0	1115	2	known_strain
MAG1116.0	1116	2	known_strain
MAG1117.0	1117	2	known_strain
MAG1118.0	1118	2	known_strain
MAG1119.0	1119	2	known_strain
MAG1120.0	1120	2	known_strain
MAG1121.0	1121	2	known_strain
MAG1122.0	1122	2	known_strain
MAG1123.0	1123	2	known_strain
MAG1124.0	1124	2	known_strain
MAG1125.0	1125	2	known_strain
MAG1126.0	1126	2	known_strain
MAG1127.0	1127	2	known_strain
MAG1128.0	1128	2	known_strain
MAG1129.0	1129	2	known_strain
MAG1130.0	1130	2	known_strain
MAG1131.0	1131	2	known_strain
MAG1132.0	1132	2	known_strain
MAG1133.0	1133	2	known_strain
MAG1134.0	1134	2	known_strain
MAG1135.0	1135	2	known_strain
MAG1136.0	1136	2	known_strain
MAG1137.0	1137	2	known_strain
MAG1138.0	1138	2	known_strain
MAG1139.0	1139	2	known_strain
MAG1140.0	1140	2	known_strain
MAG1141.0	1141	2	known_strain
MAG1142.0	1142	2	known_strain
MAG1143.0	1143	2	known_strain
MAG1144.0	1144	2	known_strain
MAG1145.0	1145	2	known_strain
MAG1146.0	1146	2	known_strain
MAG1147.0	1147	2	known_strain
MAG1148.0	1148	2	known_strain
MAG1149.0	1149	2	known_strain
MAG1150.0	1150	2	known_strain
MAG1151.0	1151	2	known_strain
MAG1152.0	1152	2	known_strain
MAG1153.0	1153	2	known_strain
MAG1154.0	1154	2	known_strain
MAG1155.0	1155	2	known_strain
MAG1156.0	1156	2	known_strain
MAG1157.0	1157	2	known_strain
MAG1158.0	1158	2	known_strain
MAG1159.0	1159	2	known_strain
MAG1160.0	1160	2	known_strain
MAG1161.0	1161	2	known_strain
MAG1162.0	1162	2	known_strain
MAG1163.0	1163	2	known_strain
MAG1164.0	1164	2	known_strain
MAG1165.0	1165	2	known_strain
MAG1166.0	1166	2	known_strain
MAG1167.0	1167	2	known_strain
MAG1168.0	1168	2	known_strain
MAG1169.0	1169	2	known_strain
MAG1170.0	1170	2	known_strain
MAG1171.0	1171	2	known_strain
MAG1172.0	1172	2	known_strain
MAG1173.0	1173	2	known_strain
MAG1174.0	1174	2	known_strain
MAG1175.0	1175	2	known_strain
MAG1176.0	1176	2	known_strain
MAG1177.0	1177	2	known_strain
MAG1178.0	1178	2	known_strain
MAG1179.0	1179	2	known_strain
MAG1180.0	1180	2	known_strain
MAG1181.0	1181	2	known_strain
MAG1182.0	1182	2	known_strain
MAG1183.0	1183	2	known_strain
MAG1184.0	1184	2	known_strain
MAG1185.0	1185	2	known_strain
MAG1186.0	1186	2	known_strain
MAG1187.0	1187	2	known_strain
MAG1188.0	1188	2	known_strain
MAG1189.0	1189	2	known_strain
MAG1190.0	1190	2	known_strain
MAG1191.0	1191	2	known_strain
MAG1192.0	1192	2	known_strain
MAG1193.0	1193	2	known_strain
MAG1194.0	1194	2	known_strain
MAG1195.0	1195	2	known_strain
MAG1196.0	1196	2	known_strain
MAG1197.0	1197	2	known_strain
MAG1198.0	1198	2	known_strain
MAG1199.0	1199	2	known_strain
MAG1200.0	1200	2	known_strain
MAG1201.0	1201	2	known_strain
MAG1202.0	1202	2	known_strain
MAG1203.0	1203	2	known_strain
MAG1204.0	1204	2	known_strain
MAG1205.0	1205	2	known_strain
MAG1206.0	1206	2	known_strain
MAG1207.0	1207	2	known_strain
MAG1208.0	1208	2	known_strain
MAG1209.0	1209	2	known_strain
MAG1210.0	1210	2	known_strain
MAG1211.0	1211	2	known_strain
MAG1212.0	1212	2	known_strain
MAG1213.0	1213	2	known_strain
MAG1214.0	1214	2	known_strain
MAG1215.0	1215	2	known_strain
MAG1216.0	1216	2	known_strain
MAG1217.0	1217	2	known_strain
MAG1218.0	1218	2	known_strain
MAG1219.0	1219	2	known_strain
MAG1220.0	1220	2	known_strain
MAG1221.0	1221	2	known_strain
MAG1222.0	1222	2	known_strain
MAG1223.0	1223	2	known_strain
MAG1224.0	1224	2	known_strain
MAG1225.0	1225	2	known_strain
MAG1226.0	1226	2	known_strain
MAG1227.0	1227	2	known_strain
MAG1228.0	1228	2	known_strain
MAG1229.0	1229	2	known_strain
MAG1230.0	1230	2	known_strain
MAG1231.0	1231	2	known_strain
MAG1232.0	1232	2	known_strain
MAG1233.0	1233	2	known_strain
MAG1234.0	1234	2	known_strain
MAG1235.0	1235	2	known_strain
MAG1236.0	1236	2	known_strain
MAG1237.0	1237	2	known_strain
MAG1238.0	1238	2	known_strain
MAG1239.0	1239	2	known_strain
MAG1240.0	1240	2	known_strain
MAG1241.0	1241	2	known_strain
MAG1242.0	1242	2	known_strain
MAG1243.0	1243	2	known_strain
MAG1244.0	1244	2	known_strain
MAG1245.0	1245	2	known_strain
MAG1246.0	1246	2	known_strain
MAG1247.0	1247	2	known_strain
MAG1248.0	1248	2	known_strain
MAG1249.0	1249	2	known_strain
MAG1250.0	1250	2	known_strain
MAG1251.0	1251	2	known_strain
MAG1252.0	1252	2	known_strain
MAG1253.0	1253	2	known_strain
MAG1254.0	1254	2	known_strain
MAG1255.0	1255	2	known_strain
MAG1256.0	1256	2	known_strain
MAG1257.0	1257	2	known_strain
MAG1258.0	1258	2	known_strain
MAG1259.0	1259	2	known_strain
MAG1260.0	1260	2	known_strain
MAG1261.0	1261	2	known_strain
MAG1262.0	1262	2	known_strain
MAG1263.0	1263	2	known_strain
MAG1264.0	1264	2	known_strain
MAG1265.0	1265	2	known_strain
MAG1266.0	1266	2	known_strain
MAG1267.0	1267	2	known_strain
MAG1268.0	1268	2	known_strain
MAG1269.0	1269	2	known_strain
MAG1270.0	1270	2	known_strain
MAG1271.0	1271	2	known_strain
MAG1272.0	1272	2	known_strain
MAG1273.0	1273	2	known_strain
MAG1274.0	1274	2	known_strain
MAG1275.0	1275	2	known_strain
MAG1276.0	1276	2	known_strain
MAG1277.0	1277	2	known_strain
MAG1278.0	1278	2	known_strain
MAG1279.0	1279	2	known_strain
MAG1280.0	1280	2	known_strain
MAG1281.0	1281	2	known_strain
MAG1282.0	1282	2	known_strain
MAG1283.0	1283	2	known_strain
MAG1284.0	1284	2	known_strain
MAG1285.0	1285	2	known_strain
MAG1286.0	1286	2	known_strain
MAG1287.0	1287	2	known_strain
MAG1288.0	1288	2	known_strain
MAG1289.0	1289	2	known_strain
MAG1290.0	1290	2	known_strain
MAG1291.0	1291	2	known_strain
MAG1292.0	1292	2	known_strain
MAG1293.0	1293	2	known_strain
MAG1294.0	1294	2	known_strain
MAG1295.0	1295	2	known_strain
MAG1296.0	1296	2	known_strain
MAG1297.0	1297	2	known_strain
MAG1298.0	1298	2	known_strain
MAG1299.0	1299	2	known_strain
MAG1300.0	1300	2	known_strain
MAG1301.0	1301	2	known_strain
MAG1302.0	1302	2	known_strain
MAG1303.0	1303	2	known_strain
MAG1304.0	1304	2	known_strain
MAG1305.0	1305	2	known_strain
MAG1306.0	1306	2	known_strain
MAG1307.0	1307	2	known_strain
MAG1308.0	1308	2	known_strain
MAG1309.0	1309	2	known_strain
MAG1310.0	1310	2	known_strain
MAG1311.0	1311	2	known_strain
MAG1312.0	1312	2	known_strain
MAG1313.0	1313	2	known_strain
MAG1314.0	1314	2	known_strain
MAG1315.0	1315	2	known_strain
MAG1316.0	1316	2	known_strain
MAG1317.0	1317	2	known_strain
MAG1318.0	1318	2	known_strain
MAG1319.0	1319	2	known_strain
MAG1320.0	1320	2	known_strain
MAG1321.0	1321	2	known_strain
MAG1322.0	1322	2	known_strain
MAG1323.0	1323	2	known_strain
MAG1324.0	1324	2	known_strain
MAG1325.0	1325	2	known_strain
MAG1326.0	1326	2	known_strain
MAG1327.0	1327	2	known_strain
MAG1328.0	1328	2	known_strain
MAG1329.0	1329	2	known_strain
MAG1330.0	1330	2	known_strain
MAG1331.0	1331	2	known_strain
MAG1332.0	1332	2	known_strain
MAG1333.0	1333	2	known_strain
MAG1334.0	1334	2	known_strain
MAG1335.0	1335	2	known_strain
MAG1336.0	1336	2	known_strain
MAG1337.0	1337	2	known_strain
MAG1338.0	1338	2	known_strain
MAG1339.0	1339	2	known_strain
MAG1340.0	1340	2	known_strain
MAG1341.0	1341	2	known_strain
MAG1342.0	1342	2	known_strain
MAG1343.0	1343	2	known_strain
MAG1344.0	1344	2	known_strain
MAG1345.0	1345	2	known_strain
MAG1346.0	1346	2	known_strain
MAG1347.0	1347	2	known_strain
MAG1348.0	1348	2	known_strain
MAG1349.0	1349	2	known_strain
MAG1350.0	1350	2	known_strain
MAG1351.0	1351	2	known_strain
MAG1352.0	1352	2	known_strain
MAG1353.0	1353	2	known_strain
MAG1354.0	1354	2	known_strain
MAG1355.0	1355	2	known_strain
MAG1356.0	1356	2	known_strain
MAG1357.0	1357	2	known_strain
MAG1358.0	1358	2	known_strain
MAG1359.0	1359	2	known_strain
MAG1360.0	1360	2	known_strain
MAG1361.0	1361	2	known_strain
MAG1362.0	1362	2	known_strain
MAG1363.0	1363	2	known_strain
MAG1364.0	1364	2	known_strain
MAG1365.0	1365	2	known_strain
MAG1366.0	1366	2	known_strain
MAG1367.0	1367	2	known_strain
MAG1368.0	1368	2	known_strain
MAG1369.0	1369	2	known_strain
MAG1370.0	1370	2	known_strain
MAG1371.0	1371	2	known_strain
MAG1372.0	1372	2	known_strain
MAG1373.0	1373	2	known_strain
MAG1374.0	1374	2	known_strain
MAG1375.0	1375	2	known_strain
MAG1376.0	1376	2	known_strain
MAG1377.0	1377	2	known_strain
MAG1378.0	1378	2	known_strain
MAG1379.0	1379	2	known_strain
MAG1380.0	1380	2	known_strain
MAG1381.0	1381	2	known_strain
MAG1382.0	1382	2	known_strain
MAG1383.0	1383	2	known_strain
MAG1384.0	1384	2	known_strain
MAG1385.0	1385	2	known_strain
MAG1386.0	1386	2	known_strain
MAG1387.0	1387	2	known_strain
MAG1388.0	1388	2	known_strain
MAG1389.0	1389	2	known_strain
MAG1390.0	1390	2	known_strain
MAG1391.0	1391	2	known_strain
MAG1392.0	1392	2	known_strain
MAG1393.0	1393	2	known_strain
MAG1394.0	1394	2	known_strain
MAG1395.0	1395	2	known_strain
MAG1396.0	1396	2	known_strain
MAG1397.0	1397	2	known_strain
MAG1398.0	1398	2	known_strain
MAG1399.0	1399	2	known_strain
MAG1400.0	1400	2	known_strain
MAG1401.0	1401	2	known_strain
MAG1402.0	1402	2	known_strain
MAG1403.0	1403	2	known_strain
MAG1404.0	1404	2	known_strain
MAG1405.0	1405	2	known_strain
MAG1406.0	1406	2	known_strain
MAG1407.0	1407	2	known_strain
MAG1408.0	1408	2	known_strain
MAG1409.0	1409	2	known_strain
MAG1410.0	1410	2	known_strain
MAG1411.0	1411	2	known_strain
MAG1412.0	1412	2	known_strain
MAG1413.0	1413	2	known_strain
MAG1414.0	1414	2	known_strain
MAG1415.0	1415	2	known_strain
MAG1416.0	1416	2	known_strain
MAG1417.0	1417	2	known_strain
MAG1418.0	1418	2	known_strain
MAG1419.0	1419	2	known_strain
MAG1420.0	1420	2	known_strain
MAG1421.0	1421	2	known_strain
MAG1422.0	1422	2	known_strain
MAG1423.0	1423	2	known_strain
MAG1424.0	1424	2	known_strain
MAG1425.0	1425	2	known_strain
MAG1426.0	1426	2	known_strain
MAG1427.0	1427	2	known_strain
MAG1428.0	1428	2	known_strain
MAG1429.0	1429	2	known_strain
MAG1430.0	1430	2	known_strain
MAG1431.0	1431	2	known_strain
MAG1432.0	1432	2	known_strain
MAG1433.0	1433	2	known_strain
MAG1434.0	1434	2	known_strain
MAG1435.0	1435	2	known_strain
MAG1436.0	1436	2	known_strain
MAG1437.0	1437	2	known_strain
MAG1438.0	1438	2	known_strain
MAG1439.0	1439	2	known_strain
MAG1440.0	1440	2	known_strain
MAG1441.0	1441	2	known_strain
MAG1442.0	1442	2	known_strain
MAG1443.0	1443	2	known_strain
MAG1444.0	1444	2	known_strain
MAG1445.0	1445	2	known_strain
MAG1446.0	1446	2	known_strain
MAG1447.0	1447	2	known_strain
MAG1448.0	1448	2	known_strain
MAG1449.0	1449	2	known_strain
MAG1450.0	1450	2	known_strain
MAG1451.0	1451	2	known_strain
MAG1452.0	1452	2	known_strain
MAG1453.0	1453	2	known_strain
MAG1454.0	1454	2	known_strain
MAG1455.0	1455	2	known_strain
MAG1456.0	1456	2	known_strain
MAG1457.0	1457	2	known_strain
MAG1458.0	1458	2	known_strain
MAG1459.0	1459	2	known_strain
MAG1460.0	1460	2	known_strain
MAG1461.0	1461	2	known_strain
MAG1462.0	1462	2	known_strain
MAG1463.0	1463	2	known_strain
MAG1464.0	1464	2	known_strain
MAG1465.0	1465	2	known_strain
MAG1466.0	1466	2	known_strain
MAG1467.0	1467	2	known_strain
MAG1468.0	1468	2	known_strain
MAG1469.0	1469	2	known_strain
MAG1470.0	1470	2	known_strain
MAG1471.0	1471	2	known_strain
MAG1472.0	1472	2	known_strain
MAG1473.0	1473	2	known_strain
MAG1474.0	1474	2	known_strain
MAG1475.0	1475	2	known_strain
MAG1476.0	1476	2	known_strain
MAG1477.0	1477	2	known_strain
MAG1478.0	1478	2	known_strain
MAG1479.0	1479	2	known_strain
MAG1480.0	1480	2	known_strain
MAG1481.0	1481	2	known_strain
MAG1482.0	1482	2	known_strain
MAG1483.0	1483	2	known_strain
MAG1484.0	1484	2	known_strain
MAG1485.0	1485	2	known_strain
MAG1486.0	1486	2	known_strain
MAG1487.0	1487	2	known_strain
MAG1488.0	1488	2	known_strain
MAG1489.0	1489	2	known_strain
MAG1490.0	1490	2	known_strain
MAG1491.0	1491	2	known_strain
MAG1492.0	1492	2	known_strain
MAG1493.0	1493	2	known_strain
MAG1494.0	1494	2	known_strain
MAG1495.0	1495	2	known_strain
MAG1496.0	1496	2	known_strain
MAG1497.0	1497	2	known_strain
MAG1498.0	1498	2	known_strain
MAG1499.0	1499	2	known_strain
MAG1500.0	1500	2	known_strain
MAG1501.0	1501	2	known_strain
MAG1502.0	1502	2	known_strain
MAG1503.0	1503	2	known_strain
MAG1504.0	1504	2	known_strain
MAG1505.0	1505	2	known_strain
MAG1506.0	1506	2	known_strain
MAG1507.0	1507	2	known_strain
MAG1508.0	1508	2	known_strain
MAG1509.0	1509	2	known_strain
MAG1510.0	1510	2	known_strain
MAG1511.0	1511	2	known_strain
MAG1512.0	1512	2	known_strain
MAG1513.0	1513	2	known_strain
MAG1514.0	1514	2	known_strain
MAG1515.0	1515	2	known_strain
MAG1516.0	1516	2	known_strain
MAG1517.0	1517	2	known_strain
MAG1518.0	1518	2	known_strain
MAG1519.0	1519	2	known_strain
MAG1520.0	1520	2	known_strain
MAG1521.0	1521	2	known_strain
MAG1522.0	1522	2	known_strain
MAG1523.0	1523	2	known_strain
MAG1524.0	1524	2	known_strain
MAG1525.0	1525	2	known_strain
MAG1526.0	1526	2	known_strain
MAG1527.0	1527	2	known_strain
MAG1528.0	1528	2	known_strain
MAG1529.0	1529	2	known_strain
MAG1530.0	1530	2	known_strain
MAG1531.0	1531	2	known_strain
MAG1532.0	1532	2	known_strain
MAG1533.0	1533	2	known_strain
MAG1534.0	1534	2	known_strain
MAG1535.0	1535	2	known_strain
MAG1536.0	1536	2	known_strain
MAG1537.0	1537	2	known_strain
MAG1538.0	1538	2	known_strain
MAG1539.0	1539	2	known_strain
MAG1540.0	1540	2	known_strain
MAG1541.0	1541	2	known_strain
MAG1542.0	1542	2	known_strain
MAG1543.0	1543	2	known_strain
MAG1544.0	1544	2	known_strain
MAG1545.0	1545	2	known_strain
MAG1546.0	1546	2	known_strain
MAG1547.0	1547	2	known_strain
MAG1548.0	1548	2	known_strain
MAG1549.0	1549	2	known_strain
MAG1550.0	1550	2	known_strain
MAG1551.0	1551	2	known_strain
MAG1552.0	1552	2	known_strain
MAG1553.0	1553	2	known_strain
MAG1554.0	1554	2	known_strain
MAG1555.0	1555	2	known_strain
MAG1556.0	1556	2	known_strain
MAG1557.0	1557	2	known_strain
MAG1558.0	1558	2	known_strain
MAG1559.0	1559	2	known_strain
MAG1560.0	1560	2	known_strain
MAG1561.0	1561	2	known_strain
MAG1562.0	1562	2	known_strain
MAG1563.0	1563	2	known_strain
MAG1564.0	1564	2	known_strain
MAG1565.0	1565	2	known_strain
MAG1566.0	1566	2	known_strain
MAG1567.0	1567	2	known_strain
MAG1568.0	1568	2	known_strain
MAG1569.0	1569	2	known_strain
MAG1570.0	1570	2	known_strain
MAG1571.0	1571	2	known_strain
MAG1572.0	1572	2	known_strain
MAG1573.0	1573	2	known_strain
MAG1574.0	1574	2	known_strain
MAG1575.0	1575	2	known_strain
MAG1576.0	1576	2	known_strain
MAG1577.0	1577	2	known_strain
MAG1578.0	1578	2	known_strain
MAG1579.0	1579	2	known_strain
MAG1580.0	1580	2	known_strain
MAG1581.0	1581	2	known_strain
MAG1582.0	1582	2	known_strain
MAG1583.0	1583	2	known_strain
MAG1584.0	1584	2	known_strain
MAG1585.0	1585	2	known_strain
MAG1586.0	1586	2	known_strain
MAG1587.0	1587	2	known_strain
MAG1588.0	1588	2	known_strain
MAG1589.0	1589	2	known_strain
MAG1590.0	1590	2	known_strain
MAG1591.0	1591	2	known_strain
MAG1592.0	1592	2	known_strain
MAG1593.0	1593	2	known_strain
MAG1594.0	1594	2	known_strain
MAG1595.0	1595	2	known_strain
MAG1596.0	1596	2	known_strain
MAG1597.0	1597	2	known_strain
MAG1598.0	1598	2	known_strain
MAG1599.0	1599	2	known_strain
MAG1600.0	1600	2	known_strain
MAG1601.0	1601	2	known_strain
MAG1602.0	1602	2	known_strain
MAG1603.0	1603	2	known_strain
MAG1604.0	1604	2	known_strain
MAG1605.0	1605	2	known_strain
MAG1606.0	1606	2	known_strain
MAG1607.0	1607	2	known_strain
MAG1608.0	1608	2	known_strain
MAG1609.0	1609	2	known_strain
MAG1610.0	1610	2	known_strain
MAG1611.0	1611	2	known_strain
MAG1612.0	1612	2	known_strain
MAG1613.0	1613	2	known_strain
MAG1614.0	1614	2	known_strain
MAG1615.0	1615	2	known_strain
MAG1616.0	1616	2	known_strain
MAG1617.0	1617	2	known_strain
MAG1618.0	1618	2	known_strain
MAG1619.0	1619	2	known_strain
MAG1620.0	1620	2	known_strain
MAG1621.0	1621	2	known_strain
MAG1622.0	1622	2	known_strain
MAG1623.0	1623	2	known_strain
MAG1624.0	1624	2	known_strain
MAG1625.0	1625	2	known_strain
MAG1626.0	1626	2	known_strain
MAG1627.0	1627	2	known_strain
MAG1628.0	1628	2	known_strain
MAG1629.0	1629	2	known_strain
MAG1630.0	1630	2	known_strain
MAG1631.0	1631	2	known_strain
MAG1632.0	1632	2	known_strain
MAG1633.0	1633	2	known_strain
MAG1634.0	1634	2	known_strain
MAG1635.0	1635	2	known_strain
MAG1636.0	1636	2	known_strain
MAG1637.0	1637	2	known_strain
MAG1638.0	1638	2	known_strain
MAG1639.0	1639	2	known_strain
MAG1640.0	1640	2	known_strain
MAG1641.0	1641	2	known_strain
MAG1642.0	1642	2	known_strain
MAG1643.0	1643	2	known_strain
MAG1644.0	1644	2	known_strain
MAG1645.0	1645	2	known_strain
MAG1646.0	1646	2	known_strain
MAG1647.0	1647	2	known_strain
MAG1648.0	1648	2	known_strain
MAG1649.0	1649	2	known_strain
MAG1650.0	1650	2	known_strain
MAG1651.0	1651	2	known_strain
MAG1652.0	1652	2	known_strain
MAG1653.0	1653	2	known_strain
MAG1654.0	1654	2	known_strain
MAG1655.0	1655	2	known_strain
MAG1656.0	1656	2	known_strain
MAG1657.0	1657	2	known_strain
MAG1658.0	1658	2	known_strain
MAG1659.0	1659	2	known_strain
MAG1660.0	1660	2	known_strain
MAG1661.0	1661	2	known_strain
MAG1662.0	1662	2	known_strain
MAG1663.0	1663	2	known_strain
MAG1664.0	1664	2	known_strain
MAG1665.0	1665	2	known_strain
MAG1666.0	1666	2	known_strain
MAG1667.0	1667	2	known_strain
MAG1668.0	1668	2	known_strain
MAG1669.0	1669	2	known_strain
MAG1670.0	1670	2	known_strain
MAG1671.0	1671	2	known_strain
MAG1672.0	1672	2	known_strain
MAG1673.0	1673	2	known_strain
MAG1674.0	1674	2	known_strain
MAG1675.0	1675	2	known_strain
MAG1676.0	1676	2	known_strain
MAG1677.0	1677	2	known_strain
MAG1678.0	1678	2	known_strain
MAG1679.0	1679	2	known_strain
MAG1680.0	1680	2	known_strain
MAG1681.0	1681	2	known_strain
MAG1682.0	1682	2	known_strain
MAG1683.0	1683	2	known_strain
MAG1684.0	1684	2	known_strain
MAG1685.0	1685	2	known_strain
MAG1686.0	1686	2	known_strain
MAG1687.0	1687	2	known_strain
MAG1688.0	1688	2	known_strain
MAG1689.0	1689	2	known_strain
MAG1690.0	1690	2	known_strain
MAG1691.0	1691	2	known_strain
MAG1692.0	1692	2	known_strain
MAG1693.0	1693	2	known_strain
MAG1694.0	1694	2	known_strain
MAG1695.0	1695	2	known_strain
MAG1696.0	1696	2	known_strain
MAG1697.0	1697	2	known_strain
MAG1698.0	1698	2	known_strain
MAG1699.0	1699	2	known_strain
MAG1700.0	1700	2	known_strain
MAG1701.0	1701	2	known_strain
MAG1702.0	1702	2	known_strain
MAG1703.0	1703	2	known_strain
MAG1704.0	1704	2	known_strain
MAG1705.0	1705	2	known_strain
MAG1706.0	1706	2	known_strain
MAG1707.0	1707	2	known_strain
MAG1708.0	1708	2	known_strain
MAG1709.0	1709	2	known_strain
MAG1710.0	1710	2	known_strain
MAG1711.0	1711	2	known_strain
MAG1712.0	1712	2	known_strain
MAG1713.0	1713	2	known_strain
MAG1714.0	1714	2	known_strain
MAG1715.0	1715	2	known_strain
MAG1716.0	1716	2	known_strain
MAG1717.0	1717	2	known_strain
MAG1718.0	1718	2	known_strain
MAG1719.0	1719	2	known_strain
MAG1720.0	1720	2	known_strain
MAG1721.0	1721	2	known_strain
MAG1722.0	1722	2	known_strain
MAG1723.0	1723	2	known_strain
MAG1724.0	1724	2	known_strain
MAG1725.0	1725	2	known_strain
MAG1726.0	1726	2	known_strain
MAG1727.0	1727	2	known_strain
MAG1728.0	1728	2	known_strain
MAG1729.0	1729	2	known_strain
MAG1730.0	1730	2	known_strain
MAG1731.0	1731	2	known_strain
MAG1732.0	1732	2	known_strain
MAG1733.0	1733	2	known_strain
MAG1734.0	1734	2	known_strain
MAG1735.0	1735	2	known_strain
MAG1736.0	1736	2	known_strain
MAG1737.0	1737	2	known_strain
MAG1738.0	1738	2	known_strain
MAG1739.0	1739	2	known_strain
MAG1740.0	1740	2	known_strain
MAG1741.0	1741	2	known_strain
MAG1742.0	1742	2	known_strain
MAG1743.0	1743	2	known_strain
MAG1744.0	1744	2	known_strain
MAG1745.0	1745	2	known_strain
MAG1746.0	1746	2	known_strain
MAG1747.0	1747	2	known_strain
MAG1748.0	1748	2	known_strain
MAG1749.0	1749	2	known_strain
MAG1750.0	1750	2	known_strain
MAG1751.0	1751	2	known_strain
MAG1752.0	1752	2	known_strain
MAG1753.0	1753	2	known_strain
MAG1754.0	1754	2	known_strain
MAG1755.0	1755	2	known_strain
MAG1756.0	1756	2	known_strain
MAG1757.0	1757	2	known_strain
MAG1758.0	1758	2	known_strain
MAG1759.0	1759	2	known_strain
MAG1760.0	1760	2	known_strain
MAG1761.0	1761	2	known_strain
MAG1762.0	1762	2	known_strain
MAG1763.0	1763	2	known_strain
MAG1764.0	1764	2	known_strain
MAG1765.0	1765	2	known_strain
MAG1766.0	1766	2	known_strain
MAG1767.0	1767	2	known_strain
MAG1768.0	1768	2	known_strain
MAG1769.0	1769	2	known_strain
MAG1770.0	1770	2	known_strain
MAG1771.0	1771	2	known_strain
MAG1772.0	1772	2	known_strain
MAG1773.0	1773	2	known_strain
MAG1774.0	1774	2	known_strain
MAG1775.0	1775	2	known_strain
MAG1776.0	1776	2	known_strain
MAG1777.0	1777	2	known_strain
MAG1778.0	1778	2	known_strain
MAG1779.0	1779	2	known_strain
MAG1780.0	1780	2	known_strain
MAG1781.0	1781	2	known_strain
MAG1782.0	1782	2	known_strain
MAG1783.0	1783	2	known_strain
MAG1784.0	1784	2	known_strain
MAG1785.0	1785	2	known_strain
MAG1786.0	1786	2	known_strain
MAG1787.0	1787	2	known_strain
MAG1788.0	1788	2	known_strain
MAG1789.0	1789	2	known_strain
MAG1790.0	1790	2	known_strain
MAG1791.0	1791	2	known_strain
MAG1792.0	1792	2	known_strain
MAG1793.0	1793	2	known_strain
MAG1794.0	1794	2	known_strain
MAG1795.0	1795	2	known_strain
MAG1796.0	1796	2	known_strain
MAG1797.0	1797	2	known_strain
MAG1798.0	1798	2	known_strain
MAG1799.0	1799	2	known_strain
MAG1800.0	1800	2	known_strain
MAG1801.0	1801	2	known_strain
MAG1802.0	1802	2	known_strain
MAG1803.0	1803	2	known_strain
MAG1804.0	1804	2	known_strain
MAG1805.0	1805	2	known_strain
MAG1806.0	1806	2	known_strain
MAG1807.0	1807	2	known_strain
MAG1808.0	1808	2	known_strain
MAG1809.0	1809	2	known_strain
MAG1810.0	1810	2	known_strain
MAG1811.0	1811	2	known_strain
MAG1812.0	1812	2	known_strain
MAG1813.0	1813	2	known_strain
MAG1814.0	1814	2	known_strain
MAG1815.0	1815	2	known_strain
MAG1816.0	1816	2	known_strain
MAG1817.0	1817	2	known_strain
MAG1818.0	1818	2	known_strain
MAG1819.0	1819	2	known_strain
MAG1820.0	1820	2	known_strain
MAG1821.0	1821	2	known_strain
MAG1822.0	1822	2	known_strain
MAG1823.0	1823	2	known_strain
MAG1824.0	1824	2	known_strain
MAG1825.0	1825	2	known_strain
MAG1826.0	1826	2	known_strain
MAG1827.0	1827	2	known_strain
MAG1828.0	1828	2	known_strain
MAG1829.0	1829	2	known_strain
MAG1830.0	1830	2	known_strain
MAG1831.0	1831	2	known_strain
MAG1832.0	1832	2	known_strain
MAG1833.0	1833	2	known_strain
MAG1834.0	1834	2	known_strain
MAG1835.0	1835	2	known_strain
MAG1836.0	1836	2	known_strain
MAG1837.0	1837	2	known_strain
MAG1838.0	1838	2	known_strain
MAG1839.0	1839	2	known_strain
MAG1840.0	1840	2	known_strain
MAG1841.0	1841	2	known_strain
MAG1842.0	1842	2	known_strain
MAG1843.0	1843	2	known_strain
MAG1844.0	1844	2	known_strain
MAG1845.0	1845	2	known_strain
MAG1846.0	1846	2	known_strain
MAG1847.0	1847	2	known_strain
MAG1848.0	1848	2	known_strain
MAG1849.0	1849	2	known_strain
MAG1850.0	1850	2	known_strain
MAG1851.0	1851	2	known_strain
MAG1852.0	1852	2	known_strain
MAG1853.0	1853	2	known_strain
MAG1854.0	1854	2	known_strain
MAG1855.0	1855	2	known_strain
MAG1856.0	1856	2	known_strain
MAG1857.0	1857	2	known_strain
MAG1858.0	1858	2	known_strain
MAG1859.0	1859	2	known_strain
MAG1860.0	1860	2	known_strain
MAG1861.0	1861	2	known_strain
MAG1862.0	1862	2	known_strain
MAG1863.0	1863	2	known_strain
MAG1864.0	1864	2	known_strain
MAG1865.0	1865	2	known_strain
MAG1866.0	1866	2	known_strain
MAG1867.0	1867	2	known_strain
MAG1868.0	1868	2	known_strain
MAG1869.0	1869	2	known_strain
MAG1870.0	1870	2	known_strain
MAG1871.0	1871	2	known_strain
MAG1872.0	1872	2	known_strain
MAG1873.0	1873	2	known_strain
MAG1874.0	1874	2	known_strain
MAG1875.0	1875	2	known_strain
MAG1876.0	1876	2	known_strain
MAG1877.0	1877	2	known_strain
MAG1878.0	1878	2	known_strain
MAG1879.0	1879	2	known_strain
MAG1880.0	1880	2	known_strain
MAG1881.0	1881	2	known_strain
MAG1882.0	1882	2	known_strain
MAG1883.0	1883	2	known_strain
MAG1884.0	1884	2	known_strain
MAG1885.0	1885	2	known_strain
MAG1886.0	1886	2	known_strain
MAG1887.0	1887	2	known_strain
MAG1888.0	1888	2	known_strain
MAG1889.0	1889	2	known_strain
MAG1890.0	1890	2	known_strain
MAG1891.0	1891	2	known_strain
MAG1892.0	1892	2	known_strain
MAG1893.0	1893	2	known_strain
MAG1894.0	1894	2	known_strain
MAG1895.0	1895	2	known_strain
MAG1896.0	1896	2	known_strain
MAG1897.0	1897	2	known_strain
MAG1898.0	1898	2	known_strain
MAG1899.0	1899	2	known_strain
MAG1900.0	1900	2	known_strain
MAG1901.0	1901	2	known_strain
MAG1902.0	1902	2	known_strain
MAG1903.0	1903	2	known_strain
MAG1904.0	1904	2	known_strain
MAG1905.0	1905	2	known_strain
MAG1906.0	1906	2	known_strain
MAG1907.0	1907	2	known_strain
MAG1908.0	1908	2	known_strain
MAG1909.0	1909	2	known_strain
MAG1910.0	1910	2	known_strain
MAG1911.0	1911	2	known_strain
MAG1912.0	1912	2	known_strain
MAG1913.0	1913	2	known_strain
MAG1914.0	1914	2	known_strain
MAG1915.0	1915	2	known_strain
MAG1916.0	1916	2	known_strain
MAG1917.0	1917	2	known_strain
MAG1918.0	1918	2	known_strain
MAG1919.0	1919	2	known_strain
MAG1920.0	1920	2	known_strain
MAG1921.0	1921	2	known_strain
MAG1922.0	1922	2	known_strain
MAG1923.0	1923	2	known_strain
MAG1924.0	1924	2	known_strain
MAG1925.0	1925	2	known_strain
MAG1926.0	1926	2	known_strain
MAG1927.0	1927	2	known_strain
MAG1928.0	1928	2	known_strain
MAG1929.0	1929	2	known_strain
MAG1930.0	1930	2	known_strain
MAG1931.0	1931	2	known_strain
MAG1932.0	1932	2	known_strain
MAG1933.0	1933	2	known_strain
MAG1934.0	1934	2	known_strain
MAG1935.0	1935	2	known_strain
MAG1936.0	1936	2	known_strain
MAG1937.0	1937	2	known_strain
MAG1938.0	1938	2	known_strain
MAG1939.0	1939	2	known_strain
MAG1940.0	1940	2	known_strain
MAG1941.0	1941	2	known_strain
